{
    "variants": {
        "axis=y":   [
					{ "model": "biomesoplenty:block/dead_log" },
					{ "model": "biomesoplenty:block/dead_log", "y": 90 },
					{ "model": "biomesoplenty:block/dead_log", "y": 180 },
					{ "model": "biomesoplenty:block/dead_log", "y": 270 },
					{ "model": "biomesoplenty:block/dead_log0" },
					{ "model": "biomesoplenty:block/dead_log0", "y": 90 },
					{ "model": "biomesoplenty:block/dead_log0", "y": 180 },
					{ "model": "biomesoplenty:block/dead_log0", "y": 270 },
					{ "model": "biomesoplenty:block/dead_log1" },
					{ "model": "biomesoplenty:block/dead_log1", "y": 90 },
					{ "model": "biomesoplenty:block/dead_log1", "y": 180 },
					{ "model": "biomesoplenty:block/dead_log1", "y": 270 }
					],
        "axis=z":   [
					{ "model": "biomesoplenty:block/dead_log", "x": 90 },
					{ "model": "biomesoplenty:block/dead_log0", "x": 90 },
					{ "model": "biomesoplenty:block/dead_log1", "x": 90 }
					],
        "axis=x":   [
					{ "model": "biomesoplenty:block/dead_log", "x": 90, "y": 90 },
					{ "model": "biomesoplenty:block/dead_log0", "x": 90, "y": 90 },
					{ "model": "biomesoplenty:block/dead_log1", "x": 90, "y": 90 }
					]
    }
}
