{
    "variants": {
        "": [
			{ "model": "biomesoplenty:block/magic_leaves", "weight": 25 },
			{ "model": "biomesoplenty:block/glowing_magic_leaves2", "weight": 4 },
			{ "model": "biomesoplenty:block/glowing_magic_leaves1", "weight": 3 },
			{ "model": "biomesoplenty:block/glowing_magic_leaves0", "weight": 2 },
			{ "model": "biomesoplenty:block/glowing_magic_leaves", "weight": 1 },
			{ "model": "biomesoplenty:block/glowing_magic_leaves2", "weight": 4, "y": 90 },
			{ "model": "biomesoplenty:block/glowing_magic_leaves1", "weight": 3, "y": 90 },
			{ "model": "biomesoplenty:block/glowing_magic_leaves0", "weight": 2, "y": 90 },
			{ "model": "biomesoplenty:block/glowing_magic_leaves", "weight": 1, "y": 90 },
			{ "model": "biomesoplenty:block/glowing_magic_leaves2", "weight": 4, "y": 90 },
			{ "model": "biomesoplenty:block/glowing_magic_leaves1", "weight": 3, "y": 90 },
			{ "model": "biomesoplenty:block/glowing_magic_leaves0", "weight": 2, "y": 90 },
			{ "model": "biomesoplenty:block/glowing_magic_leaves", "weight": 1, "y": 90 },
			{ "model": "biomesoplenty:block/glowing_magic_leaves2", "weight": 4, "y": 90 },
			{ "model": "biomesoplenty:block/glowing_magic_leaves1", "weight": 3, "y": 90 },
			{ "model": "biomesoplenty:block/glowing_magic_leaves0", "weight": 2, "y": 90 },
			{ "model": "biomesoplenty:block/glowing_magic_leaves", "weight": 1, "y": 90 }
			]
    }
}
