{
	"credit": "Made with Blockbench",
	"ambientocclusion": false,
	"textures": {
		"1": "block/oak_door_side",
		"particle": "block/oak_door_top",
		"top": "block/oak_door_top"
	},
	"elements": [
		{
			"name": "bottom",
			"from": [0, 0, 0],
			"to": [3, 5, 16],
			"rotation": {"angle": 0, "axis": "y", "origin": [1.5, 0, 1.5]},
			"faces": {
				"north": {"uv": [3, 11, 0, 16], "texture": "#1"},
				"east": {"uv": [16, 11, 0, 16], "texture": "#top"},
				"south": {"uv": [4, 11, 7, 16], "texture": "#1"},
				"west": {"uv": [0, 11, 16, 16], "texture": "#top"},
				"up": {"uv": [4, 4, 5, 5], "rotation": 90, "texture": "#top"}
			}
		},
		{
			"name": "top",
			"from": [0, 11, 0],
			"to": [3, 16, 16],
			"rotation": {"angle": 0, "axis": "y", "origin": [1.5, 0, 1.5]},
			"faces": {
				"north": {"uv": [3, 0, 0, 5], "texture": "#1"},
				"east": {"uv": [16, 0, 0, 5], "texture": "#top"},
				"south": {"uv": [4, 0, 7, 5], "texture": "#1"},
				"west": {"uv": [0, 0, 16, 5], "texture": "#top"},
				"up": {"uv": [0, 0, 16, 3], "rotation": 90, "texture": "#top"},
				"down": {"uv": [4, 4, 5, 5], "rotation": 270, "texture": "#top"}
			}
		},
		{
			"name": "west",
			"from": [0, 5, 0],
			"to": [3, 11, 5],
			"rotation": {"angle": 0, "axis": "y", "origin": [1.5, 0, 1.5]},
			"faces": {
				"north": {"uv": [0, 5, 3, 11], "texture": "#1"},
				"east": {"uv": [5, 5, 0, 11], "texture": "#top"},
				"south": {"uv": [4, 4, 5, 5], "texture": "#top"},
				"west": {"uv": [0, 5, 5, 11], "texture": "#top"}
			}
		},
		{
			"name": "east",
			"from": [0, 5, 11],
			"to": [3, 11, 16],
			"rotation": {"angle": 0, "axis": "y", "origin": [1.5, 0, 1.5]},
			"faces": {
				"north": {"uv": [4, 4, 5, 5], "texture": "#top"},
				"east": {"uv": [16, 5, 11, 11], "texture": "#top"},
				"south": {"uv": [4, 5, 7, 11], "texture": "#1"},
				"west": {"uv": [11, 5, 16, 11], "texture": "#top"}
			}
		},
		{
			"from": [0.5, 5, 7],
			"to": [2.5, 11, 9],
			"rotation": {"angle": 0, "axis": "y", "origin": [1.5, 0, 1.5]},
			"faces": {
				"north": {"uv": [4, 4, 5, 5], "texture": "#top"},
				"east": {"uv": [7, 5, 9, 11], "texture": "#top"},
				"south": {"uv": [4, 4, 5, 5], "texture": "#top"},
				"west": {"uv": [7, 5, 9, 11], "texture": "#top"}
			}
		},
		{
			"from": [0.5, 7, 5],
			"to": [2.5, 9, 11],
			"rotation": {"angle": 0, "axis": "y", "origin": [1.5, 0, 1.5]},
			"faces": {
				"east": {"uv": [5, 7, 11, 9], "texture": "#top"},
				"west": {"uv": [5, 7, 11, 9], "texture": "#top"},
				"up": {"uv": [4, 4, 5, 5], "rotation": 90, "texture": "#top"},
				"down": {"uv": [4, 4, 5, 5], "rotation": 270, "texture": "#top"}
			}
		}
	],
	"groups": [
		{
			"name": "top",
			"origin": [0, 0, 0],
			"color": 0,
			"children": [0, 1, 2, 3, 4, 5]
		}
	]
}