{
"ambientocclusion": false,
    "textures": {
        "bush": "biomesoplenty:block/bush",
		"particle": "biomesoplenty:block/bush"
    },
    "display": {
        "gui": {
            "rotation": [ 30, 45, 0 ],
            "translation": [ 0, 0, 0 ],
            "scale": [ 0.625, 0.625, 0.625 ]
        },
        "ground": {
            "rotation": [ 0, 0, 0 ],
            "translation": [ 0, 3, 0 ],
            "scale": [ 0.25, 0.25, 0.25 ]
        },
        "fixed": {
            "rotation": [ 0, 180, 0 ],
            "translation": [ 0, 0, 0 ],
            "scale": [ 1, 1, 1 ]
        },
        "head": {
            "rotation": [ 0, 180, 0 ],
            "translation": [ 0, 0, 0 ],
            "scale": [ 1, 1, 1 ]
        },
        "firstperson_righthand": {
            "rotation": [ 0, 315, 0 ],
            "translation": [ 0, 2.5, 0 ],
            "scale": [ 0.4, 0.4, 0.4 ]
        },
        "thirdperson_righthand": {
            "rotation": [ 75, 315, 0 ],
            "translation": [ 0, 2.5, 0 ],
            "scale": [ 0.375, 0.375, 0.375 ]
        }
    },
    "elements": [
        {
            "from": [ 4, 1, 0 ], 
            "to": [ 4, 17, 16 ], 
            "shade": false,
            "rotation": { "origin": [ 4, 8, 8 ], "axis": "z", "angle": -22.5 },
            "faces": {
                "east": { "texture": "#bush", "uv": [ 0, 0, 16, 16 ], "tintindex": 0 },
                "west": { "texture": "#bush", "uv": [ 0, 0, 16, 16 ], "tintindex": 0 }
            }
        },
        {
            "from": [ 12, 1, 0 ], 
            "to": [ 12, 17, 16 ], 
            "shade": false,
            "rotation": { "origin": [ 12, 8, 8 ], "axis": "z", "angle": 22.5 },
            "faces": {
                "east": { "texture": "#bush", "uv": [ 0, 0, 16, 16 ], "tintindex": 0 },
                "west": { "texture": "#bush", "uv": [ 0, 0, 16, 16 ], "tintindex": 0 }
            }
        },
        {
            "from": [ 0, 1, 4 ], 
            "to": [ 16, 17, 4 ], 
            "shade": false,
            "rotation": { "origin": [ 8, 8, 4 ], "axis": "x", "angle": 22.5 },
            "faces": {
                "north": { "texture": "#bush", "uv": [ 0, 0, 16, 16 ], "tintindex": 0 },
                "south": { "texture": "#bush", "uv": [ 0, 0, 16, 16 ], "tintindex": 0 }
            }
        },
        {
            "from": [ 0, 1, 12 ], 
            "to": [ 16, 17, 12 ], 
            "shade": false,
            "rotation": { "origin": [ 8, 8, 12 ], "axis": "x", "angle": -22.5 },
            "faces": {
                "north": { "texture": "#bush", "uv": [ 0, 0, 16, 16 ], "tintindex": 0 },
                "south": { "texture": "#bush", "uv": [ 0, 0, 16, 16 ], "tintindex": 0 }
            }
        },
        {
            "from": [ 8, 1, 0 ], 
            "to": [ 8, 17, 16 ], 
            "shade": false,
            "rotation": { "origin": [ 8, 8, 8 ], "axis": "y", "angle": 45.0 },
            "faces": {
                "east": { "texture": "#bush", "uv": [ 0, 0, 16, 16 ], "tintindex": 0 },
                "west": { "texture": "#bush", "uv": [ 0, 0, 16, 16 ], "tintindex": 0 }
            }
        },
        {
            "from": [ 8, 1, 0 ], 
            "to": [ 8, 17, 16 ], 
            "shade": false,
            "rotation": { "origin": [ 8, 8, 8 ], "axis": "y", "angle": -45.0 },
            "faces": {
                "east": { "texture": "#bush", "uv": [ 0, 0, 16, 16 ], "tintindex": 0 },
                "west": { "texture": "#bush", "uv": [ 0, 0, 16, 16 ], "tintindex": 0 }
            }
        }
    ]
}