{
    "__comment": "Model generated using MrCrayfish's Model Creator (https://mrcrayfish.com/tools?id=mc)",
    "textures": {
        "particle": "biomesoplenty:block/cherry_planks_top",
        "all": "biomesoplenty:block/cherry_planks_top",
        "fence": "biomesoplenty:block/cherry_fence"
    },
    "elements": [
        {
            "from": [ 1, -0.5, 1 ], 
            "to": [ 15, 0.5, 15 ], 
            "faces": {
                "north": { "texture": "#all", "uv": [ 1, 15, 15, 16 ] },
                "east": { "texture": "#all", "uv": [ 1, 15, 15, 16 ] },
                "south": { "texture": "#all", "uv": [ 1, 15, 15, 16 ] },
                "west": { "texture": "#all", "uv": [ 1, 15, 15, 16 ] },
                "up": { "texture": "#all", "uv": [ 1, 1, 15, 15 ] },
                "down": { "texture": "#all", "uv": [ 1, 1, 15, 15 ], "cullface": "down" }
            }
        },
        {
            "from": [ 6.25, -3, 6.25 ], 
            "to": [ 9.75, 0, 9.75 ], 
            "faces": {
                "north": { "texture": "#fence", "uv": [ 11, 3, 15, 0 ] },
                "east": { "texture": "#fence", "uv": [ 11, 3, 15, 0 ] },
                "south": { "texture": "#fence", "uv": [ 11, 3, 15, 0 ] },
                "west": { "texture": "#fence", "uv": [ 11, 3, 15, 0 ] }
            }
        }
    ]
}