{
"parent": "block/block",
 "textures": {
        "particle": "biomesoplenty:block/cherry_planks_top",
        "all": "biomesoplenty:block/cherry_planks_top"
    },
    "display": {
        "gui": {
            "rotation": [ 30, 135, 0 ],
            "translation": [ 0, 0, 0],
            "scale":[ 0.625, 0.625, 0.625 ]
        },
        "head": {
            "rotation": [ 0, -90, 0 ],
            "translation": [ 0, 0, 0 ],
            "scale": [ 1, 1, 1 ]
        },
        "thirdperson_lefthand": {
            "rotation": [ 75, -135, 0 ],
            "translation": [ 0, 2.5, 0],
            "scale": [ 0.375, 0.375, 0.375 ]
        }
    },
    "elements": [
        {
            "from": [ 0, 0, 0 ], 
            "to": [ 16, 8, 16 ], 
            "faces": {
                "north": { "texture": "#all", "uv": [ 0, 8, 16, 16 ], "cullface": "north" },
                "east": { "texture": "#all", "uv": [ 0, 8, 16, 16 ], "cullface": "east" },
                "south": { "texture": "#all", "uv": [ 0, 8, 16, 16 ], "cullface": "south" },
                "west": { "texture": "#all", "uv": [ 0, 8, 16, 16 ], "cullface": "west" },
                "up": { "texture": "#all", "uv": [ 0, 0, 16, 16 ], "rotation": 90 },
                "down": { "texture": "#all", "uv": [ 0, 0, 16, 16 ], "cullface": "down" }
            }
        },
        {
            "from": [ 8, 8, 0 ], 
            "to": [ 16, 16, 16 ], 
            "faces": {
                "north": { "texture": "#all", "uv": [ 0, 0, 8, 8 ], "cullface": "north" },
                "east": { "texture": "#all", "uv": [ 0, 0, 16, 8 ], "cullface": "east" },
                "south": { "texture": "#all", "uv": [ 8, 0, 16, 8 ], "cullface": "south" },
                "west": { "texture": "#all", "uv": [ 0, 0, 16, 8 ] },
                "up": { "texture": "#all", "uv": [ 0, 0, 16, 8 ], "rotation": 90, "cullface": "up" }
            }
        }
    ]
}