{
    "__comment": "Model generated using MrCrayfish's Model Creator (https://mrcrayfish.com/tools?id=mc)",
    "textures": {
        "particle": "biomesoplenty:block/cherry_planks",
        "fence": "biomesoplenty:block/cherry_fence"
    },
    "display": {
        "gui": {
            "rotation": [ 30, 135, 0 ],
            "translation": [ 0, 0, 0 ],
            "scale": [ 0.625, 0.625, 0.625 ]
        },
        "ground": {
            "rotation": [ 0, 0, 0 ],
            "translation": [ 0, 3, 0 ],
            "scale": [ 0.25, 0.25, 0.25 ]
        },
        "fixed": {
            "rotation": [ 0, 90, 0 ],
            "translation": [ 0, 0, 0 ],
            "scale": [ 0.5, 0.5, 0.5 ]
        },
        "firstperson_righthand": {
            "rotation": [ 0, 45, 0 ],
            "translation": [ 0, 2.5, 0 ],
            "scale": [ 0.4, 0.4, 0.4 ]
        },
        "thirdperson_righthand": {
            "rotation": [ 75, 45, 0 ],
            "translation": [ 0, 2.5, 0 ],
            "scale": [ 0.375, 0.375, 0.375 ]
        }
    },
    "elements": [
        {
            "from": [ 6.5, 12, 8 ], 
            "to": [ 9.5, 15, 16 ], 
            "faces": {
                "east": { "texture": "#fence", "uv": [ 0, 0, 8, 3 ] },
                "west": { "texture": "#fence", "uv": [ 0, 0, 8, 3 ] },
                "up": { "texture": "#fence", "uv": [ 6, 7, 9, 15 ] },
                "down": { "texture": "#fence", "uv": [ 0, 0, 9, 3 ], "rotation": 90 }
            }
        },
        {
            "from": [ 7, 0, 12 ], 
            "to": [ 9, 12, 13 ], 
            "faces": {
                "north": { "texture": "#fence", "uv": [ 1, 3, 3, 16 ] },
                "east": { "texture": "#fence", "uv": [ 2, 3, 1, 16 ] },
                "south": { "texture": "#fence", "uv": [ 1, 3, 3, 16 ] },
                "west": { "texture": "#fence", "uv": [ 1, 3, 2, 15 ] },
                "down": { "texture": "#fence", "uv": [ 1, 15, 4, 16 ] }
            }
        },
        {
            "from": [ 7, 0, 9 ], 
            "to": [ 9, 12, 10 ], 
            "faces": {
                "north": { "texture": "#fence", "uv": [ 1, 4, 3, 16 ] },
                "east": { "texture": "#fence", "uv": [ 2, 3, 1, 16 ] },
                "south": { "texture": "#fence", "uv": [ 1, 3, 3, 16 ] },
                "west": { "texture": "#fence", "uv": [ 1, 3, 2, 15 ] },
                "down": { "texture": "#fence", "uv": [ 1, 15, 4, 16 ] }
            }
        },
        {
            "from": [ 6, 0, 14.5 ], 
            "to": [ 10, 16, 17.5 ], 
            "faces": {
                "north": { "texture": "#fence", "uv": [ 11, 0, 15, 16 ] },
                "east": { "texture": "#fence", "uv": [ 11, 0, 14, 16 ] },
                "south": { "texture": "#fence", "uv": [ 11, 0, 15, 16 ] },
                "west": { "texture": "#fence", "uv": [ 11, 0, 14, 16 ] },
                "up": { "texture": "#fence", "uv": [ 6, 3, 9, 7 ], "rotation": 90 },
                "down": { "texture": "#fence", "uv": [ 6, 3, 9, 7 ], "rotation": 90 }
            }
        },
        {
            "from": [ 6.5, 12, 0 ], 
            "to": [ 9.5, 15, 8 ], 
            "faces": {
                "east": { "texture": "#fence", "uv": [ 0, 0, 8, 3 ] },
                "west": { "texture": "#fence", "uv": [ 0, 0, 8, 3 ] },
                "up": { "texture": "#fence", "uv": [ 6, 7, 9, 15 ] },
                "down": { "texture": "#fence", "uv": [ 0, 0, 9, 3 ], "rotation": 90 }
            }
        },
        {
            "from": [ 7, 0, 6 ], 
            "to": [ 9, 12, 7 ], 
            "faces": {
                "north": { "texture": "#fence", "uv": [ 1, 4, 3, 16 ] },
                "east": { "texture": "#fence", "uv": [ 2, 3, 1, 16 ] },
                "south": { "texture": "#fence", "uv": [ 1, 3, 3, 16 ] },
                "west": { "texture": "#fence", "uv": [ 1, 3, 2, 15 ] },
                "down": { "texture": "#fence", "uv": [ 1, 15, 4, 16 ] }
            }
        },
        {
            "from": [ 7, 0, 3 ], 
            "to": [ 9, 12, 4 ], 
            "faces": {
                "north": { "texture": "#fence", "uv": [ 1, 3, 3, 16 ] },
                "east": { "texture": "#fence", "uv": [ 2, 3, 1, 16 ] },
                "south": { "texture": "#fence", "uv": [ 1, 3, 3, 16 ] },
                "west": { "texture": "#fence", "uv": [ 1, 3, 2, 15 ] },
                "down": { "texture": "#fence", "uv": [ 1, 15, 4, 16 ] }
            }
        },
        {
            "from": [ 6, 0, -1.5 ], 
            "to": [ 10, 16, 1.5 ], 
            "faces": {
                "north": { "texture": "#fence", "uv": [ 11, 0, 15, 16 ] },
                "east": { "texture": "#fence", "uv": [ 11, 0, 14, 16 ] },
                "south": { "texture": "#fence", "uv": [ 11, 0, 15, 16 ] },
                "west": { "texture": "#fence", "uv": [ 11, 0, 14, 16 ] },
                "up": { "texture": "#fence", "uv": [ 6, 3, 9, 7 ], "rotation": 90 },
                "down": { "texture": "#fence", "uv": [ 6, 3, 9, 7 ], "rotation": 90 }
            }
        }
    ]
}