{
    "__comment": "Model generated using MrCrayfish's Model Creator (https://mrcrayfish.com/tools?id=mc)",
    "textures": {
        "particle": "biomesoplenty:block/cherry_planks_top",
        "all": "biomesoplenty:block/cherry_planks_top",
        "fence": "biomesoplenty:block/cherry_fence"
    },
    "display": {
        "gui": {
            "rotation": [ 30, 45, 0 ],
            "translation": [ 0, 0, 0 ],
            "scale": [ 0.625, 0.625, 0.625 ]
        },
        "ground": {
            "rotation": [ 0, 0, 0 ],
            "translation": [ 0, 3, 0 ],
            "scale": [ 0.25, 0.25, 0.25 ]
        },
        "fixed": {
            "rotation": [ 0, 180, 0 ],
            "translation": [ 0, 0, 0 ],
            "scale": [ 1, 1, 1 ]
        },
        "head": {
            "rotation": [ 0, 180, 0 ],
            "translation": [ 0, 0, 0 ],
            "scale": [ 1, 1, 1 ]
        },
        "firstperson_righthand": {
            "rotation": [ 0, 315, 0 ],
            "translation": [ 0, 2.5, 0 ],
            "scale": [ 0.4, 0.4, 0.4 ]
        },
        "thirdperson_righthand": {
            "rotation": [ 75, 315, 0 ],
            "translation": [ 0, 2.5, 0 ],
            "scale": [ 0.375, 0.375, 0.375 ]
        }
    },
    "elements": [
        {
            "from": [ 1, -0, 1 ], 
            "to": [ 15, 1, 15 ], 
            "faces": {
                "north": { "texture": "#all", "uv": [ 1, 15, 15, 16 ] },
                "east": { "texture": "#all", "uv": [ 1, 15, 15, 16 ] },
                "south": { "texture": "#all", "uv": [ 1, 15, 15, 16 ] },
                "west": { "texture": "#all", "uv": [ 1, 15, 15, 16 ] },
                "up": { "texture": "#all", "uv": [ 1, 1, 15, 15 ] },
                "down": { "texture": "#all", "uv": [ 1, 1, 15, 15 ], "cullface": "down" }
            }
        },
        {
            "from": [ 6.25, -3, 6.25 ], 
            "to": [ 9.75, 0, 9.75 ], 
            "faces": {
                "north": { "texture": "#fence", "uv": [ 11, 3, 15, 0 ] },
                "east": { "texture": "#fence", "uv": [ 11, 3, 15, 0 ] },
                "south": { "texture": "#fence", "uv": [ 11, 3, 15, 0 ] },
                "west": { "texture": "#fence", "uv": [ 11, 3, 15, 0 ] }
            }
        }
    ]
}