{
    "__comment": "Model generated using MrCrayfish's Model Creator (https://mrcrayfish.com/tools?id=mc)",
    "textures": {
        "particle": "biomesoplenty:block/dead_fence",
        "dead_fence": "biomesoplenty:block/dead_fence"
    },
    "display": {
        "gui": {
            "rotation": [ 30, 45, 0 ],
            "translation": [ 0, 0, 0 ],
            "scale": [ 0.625, 0.625, 0.625 ]
        },
        "ground": {
            "rotation": [ 0, 0, 0 ],
            "translation": [ 0, 3, 0 ],
            "scale": [ 0.25, 0.25, 0.25 ]
        },
        "fixed": {
            "rotation": [ 0, 180, 0 ],
            "translation": [ 0, 0, 0 ],
            "scale": [ 1, 1, 1 ]
        },
        "head": {
            "rotation": [ 0, 180, 0 ],
            "translation": [ 0, 0, 0 ],
            "scale": [ 1, 1, 1 ]
        },
        "firstperson_righthand": {
            "rotation": [ 0, 315, 0 ],
            "translation": [ 0, 2.5, 0 ],
            "scale": [ 0.4, 0.4, 0.4 ]
        },
        "thirdperson_righthand": {
            "rotation": [ 75, 315, 0 ],
            "translation": [ 0, 2.5, 0 ],
            "scale": [ 0.375, 0.375, 0.375 ]
        }
    },
    "elements": [
        {
            "from": [ 6, 0, 6 ], 
            "to": [ 10, 16, 10 ], 
            "faces": {
                "north": { "texture": "#dead_fence", "uv": [ 6, 0, 10, 16 ] },
                "east": { "texture": "#dead_fence", "uv": [ 6, 0, 10, 16 ] },
                "south": { "texture": "#dead_fence", "uv": [ 6, 0, 10, 16 ] },
                "west": { "texture": "#dead_fence", "uv": [ 6, 0, 10, 16 ] },
                "up": { "texture": "#dead_fence", "uv": [ 10, 0, 14, 4 ], "cullface": "up" },
                "down": { "texture": "#dead_fence", "uv": [ 10, 0, 14, 4 ], "cullface": "down" }
            }
        }
    ]
}