{
    "__comment": "Model generated using MrCrayfish's Model Creator (https://mrcrayfish.com/tools?id=mc)",
    "textures": {
        "particle": "biomesoplenty:block/dead_trapdoor",
        "all": "biomesoplenty:block/dead_trapdoor"
    },
    "display": {
        "gui": {
            "rotation": [ 30, 45, 0 ],
            "translation": [ 0, 0, 0 ],
            "scale": [ 0.625, 0.625, 0.625 ]
        },
        "ground": {
            "rotation": [ 0, 0, 0 ],
            "translation": [ 0, 3, 0 ],
            "scale": [ 0.25, 0.25, 0.25 ]
        },
        "fixed": {
            "rotation": [ 0, 180, 0 ],
            "translation": [ 0, 0, 0 ],
            "scale": [ 1, 1, 1 ]
        },
        "head": {
            "rotation": [ 0, 180, 0 ],
            "translation": [ 0, 0, 0 ],
            "scale": [ 1, 1, 1 ]
        },
        "firstperson_righthand": {
            "rotation": [ 0, 315, 0 ],
            "translation": [ 0, 2.5, 0 ],
            "scale": [ 0.4, 0.4, 0.4 ]
        },
        "thirdperson_righthand": {
            "rotation": [ 75, 315, 0 ],
            "translation": [ 0, 2.5, 0 ],
            "scale": [ 0.375, 0.375, 0.375 ]
        }
    },
    "elements": [
        {
            "from": [ 0, 3, 13 ], 
            "to": [ 3, 13, 16 ], 
            "faces": {
                "north": { "texture": "#all", "uv": [ 0, 3, 3, 13 ] },
                "east": { "texture": "#all", "uv": [ 0, 3, 3, 13 ] },
                "south": { "texture": "#all", "uv": [ 0, 3, 3, 13 ], "cullface": "south" },
                "west": { "texture": "#all", "uv": [ 0, 3, 3, 13 ], "cullface": "west" }
            }
        },
        {
            "from": [ 0, 0, 13 ], 
            "to": [ 16, 3, 16 ], 
            "faces": {
                "north": { "texture": "#all", "uv": [ 0, 13, 16, 16 ], "cullface": "north" },
                "east": { "texture": "#all", "uv": [ 13, 13, 16, 16 ], "rotation": 90, "cullface": "east" },
                "south": { "texture": "#all", "uv": [ 0, 13, 16, 16 ] },
                "west": { "texture": "#all", "uv": [ 0, 13, 3, 16 ], "rotation": 90, "cullface": "west" },
                "up": { "texture": "#all", "uv": [ 0, 13, 16, 16 ] },
                "down": { "texture": "#all", "uv": [ 0, 0, 16, 3 ], "cullface": "down" }
            }
        },
        {
            "from": [ 0, 13, 13 ], 
            "to": [ 16, 16, 16 ], 
            "faces": {
                "north": { "texture": "#all", "uv": [ 0, 0, 16, 3 ] },
                "east": { "texture": "#all", "uv": [ 13, 0, 16, 3 ], "rotation": 90, "cullface": "east" },
                "south": { "texture": "#all", "uv": [ 0, 0, 16, 3 ], "cullface": "south" },
                "west": { "texture": "#all", "uv": [ 0, 0, 3, 3 ], "rotation": 90, "cullface": "west" },
                "up": { "texture": "#all", "uv": [ 0, 0, 16, 3 ], "cullface": "up" },
                "down": { "texture": "#all", "uv": [ 0, 0, 16, 3 ] }
            }
        },
        {
            "from": [ 13, 3, 13 ], 
            "to": [ 16, 13, 16 ], 
            "faces": {
                "north": { "texture": "#all", "uv": [ 0, 3, 3, 13 ] },
                "east": { "texture": "#all", "uv": [ 0, 3, 3, 13 ], "cullface": "east" },
                "south": { "texture": "#all", "uv": [ 0, 3, 3, 13 ], "cullface": "south" },
                "west": { "texture": "#all", "uv": [ 0, 3, 3, 13 ] }
            }
        },
        {
            "from": [ 5, 3, 13.5 ], 
            "to": [ 7, 8, 15.5 ], 
            "faces": {
                "north": { "texture": "#all", "uv": [ 5, 8, 7, 13 ] },
                "east": { "texture": "#all", "uv": [ 5, 13, 7, 8 ] },
                "south": { "texture": "#all", "uv": [ 5, 8, 7, 13 ], "cullface": "south" },
                "west": { "texture": "#all", "uv": [ 5, 8, 7, 13 ] },
                "up": { "texture": "#all", "uv": [ 7, 13, 5, 11 ], "rotation": 90 }
            }
        },
        {
            "from": [ 6, 8, 13.5 ], 
            "to": [ 7, 9, 14.5 ], 
            "faces": {
                "north": { "texture": "#all", "uv": [ 6, 7, 7, 8 ] },
                "east": { "texture": "#all", "uv": [ 6, 7, 7, 8 ] },
                "south": { "texture": "#all", "uv": [ 6, 7, 7, 8 ], "cullface": "south" },
                "west": { "texture": "#all", "uv": [ 6, 7, 7, 8 ] },
                "up": { "texture": "#all", "uv": [ 6, 7, 7, 8 ] }
            }
        },
        {
            "from": [ 5, 11, 13.5 ], 
            "to": [ 7, 13, 15.5 ], 
            "faces": {
                "north": { "texture": "#all", "uv": [ 5, 3, 7, 5 ] },
                "east": { "texture": "#all", "uv": [ 5, 3, 7, 5 ] },
                "south": { "texture": "#all", "uv": [ 5, 3, 7, 5 ], "cullface": "south" },
                "west": { "texture": "#all", "uv": [ 5, 3, 7, 5 ], "cullface": "west" },
                "down": { "texture": "#all", "uv": [ 5, 3, 7, 5 ] }
            }
        },
        {
            "from": [ 9, 12, 13.5 ], 
            "to": [ 11, 14, 15.5 ], 
            "faces": {
                "north": { "texture": "#all", "uv": [ 9, 3, 11, 4 ] },
                "east": { "texture": "#all", "uv": [ 9, 3, 11, 4 ], "rotation": 90 },
                "south": { "texture": "#all", "uv": [ 9, 3, 11, 4 ], "cullface": "south" },
                "west": { "texture": "#all", "uv": [ 9, 3, 11, 4 ], "rotation": 90 },
                "down": { "texture": "#all", "uv": [ 9, 3, 11, 5 ] }
            }
        },
        {
            "from": [ 9, 3, 13.5 ], 
            "to": [ 11, 4, 15.5 ], 
            "faces": {
                "north": { "texture": "#all", "uv": [ 9, 12, 11, 13 ] },
                "east": { "texture": "#all", "uv": [ 9, 12, 11, 13 ] },
                "south": { "texture": "#all", "uv": [ 9, 12, 11, 13 ], "cullface": "south" },
                "west": { "texture": "#all", "uv": [ 10, 11, 12, 12 ] },
                "up": { "texture": "#all", "uv": [ 9, 12, 11, 14 ] }
            }
        },
        {
            "from": [ 5, 10, 14.5 ], 
            "to": [ 6, 11, 15.5 ], 
            "faces": {
                "north": { "texture": "#all", "uv": [ 5, 5, 6, 6 ] },
                "east": { "texture": "#all", "uv": [ 5, 5, 6, 6 ] },
                "south": { "texture": "#all", "uv": [ 5, 5, 6, 6 ], "cullface": "south" },
                "west": { "texture": "#all", "uv": [ 5, 5, 6, 6 ] },
                "down": { "texture": "#all", "uv": [ 5, 5, 6, 6 ] }
            }
        },
        {
            "from": [ 10, 4, 13.5 ], 
            "to": [ 11, 5, 15.5 ], 
            "faces": {
                "north": { "texture": "#all", "uv": [ 0, 0, 1, 1 ] },
                "east": { "texture": "#all", "uv": [ 10, 11, 12, 12 ] },
                "south": { "texture": "#all", "uv": [ 10, 11, 11, 12 ], "cullface": "south" },
                "west": { "texture": "#all", "uv": [ 10, 11, 12, 12 ] },
                "up": { "texture": "#all", "uv": [ 10, 11, 11, 13 ] }
            }
        }
    ]
}