{
    "__comment": "Model generated using MrCrayfish's Model Creator (https://mrcrayfish.com/tools?id=mc)",
    "textures": {
        "particle": "biomesoplenty:block/dead_fence",
        "fence": "biomesoplenty:block/dead_fence"
    },
    "display": {
        "gui": {
            "rotation": [ 30, 45, 0 ],
            "translation": [ 0, 0, 0 ],
            "scale": [ 0.625, 0.625, 0.625 ]
        },
        "ground": {
            "rotation": [ 0, 0, 0 ],
            "translation": [ 0, 3, 0 ],
            "scale": [ 0.25, 0.25, 0.25 ]
        },
        "fixed": {
            "rotation": [ 0, 180, 0 ],
            "translation": [ 0, 0, 0 ],
            "scale": [ 1, 1, 1 ]
        },
        "head": {
            "rotation": [ 0, 180, 0 ],
            "translation": [ 0, 0, 0 ],
            "scale": [ 1, 1, 1 ]
        },
        "firstperson_righthand": {
            "rotation": [ 0, 315, 0 ],
            "translation": [ 0, 2.5, 0 ],
            "scale": [ 0.4, 0.4, 0.4 ]
        },
        "thirdperson_righthand": {
            "rotation": [ 75, 315, 0 ],
            "translation": [ 0, 2.5, 0 ],
            "scale": [ 0.375, 0.375, 0.375 ]
        }
    },
    "elements": [
        {
            "from": [ 8, 12, 7 ], 
            "to": [ 16, 14, 9 ], 
            "rotation": { "origin": [ 16, 13, 8 ], "axis": "z", "angle": 45.0 },
            "faces": {
                "north": { "texture": "#fence", "uv": [ 7, 8, 9, 16 ], "rotation": 90 },
                "east": { "texture": "#fence", "uv": [ 7, 0, 9, 2 ] },
                "south": { "texture": "#fence", "uv": [ 7, 0, 9, 8 ], "rotation": 90 },
                "west": { "texture": "#fence", "uv": [ 7, 14, 9, 16 ], "rotation": 90 },
                "up": { "texture": "#fence", "uv": [ 7, 0, 9, 8 ], "rotation": 90 },
                "down": { "texture": "#fence", "uv": [ 7, 8, 9, 16 ], "rotation": 180 }
            }
        },
        {
            "from": [ 10, 2, 7 ], 
            "to": [ 16, 4, 9 ], 
            "faces": {
                "north": { "texture": "#fence", "uv": [ 7, 10, 9, 16 ], "rotation": 90 },
                "east": { "texture": "#fence", "uv": [ 7, 0, 9, 2 ] },
                "south": { "texture": "#fence", "uv": [ 7, 0, 9, 6 ], "rotation": 90 },
                "west": { "texture": "#fence", "uv": [ 7, 14, 9, 16 ], "rotation": 90 },
                "up": { "texture": "#fence", "uv": [ 7, 0, 9, 6 ], "rotation": 90 },
                "down": { "texture": "#fence", "uv": [ 7, 10, 9, 16 ], "rotation": 180 }
            }
        },
        {
            "from": [ 0, 7, 7 ], 
            "to": [ 16, 9, 9 ], 
            "rotation": { "origin": [ 16, 8, 8 ], "axis": "z", "angle": 22.5 },
            "faces": {
                "north": { "texture": "#fence", "uv": [ 7, 0, 9, 16 ], "rotation": 90 },
                "east": { "texture": "#fence", "uv": [ 7, 0, 9, 2 ] },
                "south": { "texture": "#fence", "uv": [ 7, 0, 9, 16 ], "rotation": 90 },
                "west": { "texture": "#fence", "uv": [ 7, 14, 9, 16 ], "rotation": 90 },
                "up": { "texture": "#fence", "uv": [ 7, 0, 9, 16 ], "rotation": 90 },
                "down": { "texture": "#fence", "uv": [ 7, 0, 9, 16 ], "rotation": 180 }
            }
        },
        {
            "from": [ 0, 12, 7 ], 
            "to": [ 2, 14, 9 ], 
            "faces": {
                "north": { "texture": "#fence", "uv": [ 0, 4, 2, 6 ] },
                "east": { "texture": "#fence", "uv": [ 0, 4, 2, 6 ] },
                "south": { "texture": "#fence", "uv": [ 0, 4, 2, 6 ] },
                "west": { "texture": "#fence", "uv": [ 0, 4, 2, 6 ] },
                "up": { "texture": "#fence", "uv": [ 0, 4, 2, 6 ] },
                "down": { "texture": "#fence", "uv": [ 14, 4, 16, 6 ], "rotation": 180 }
            }
        }
    ]
}