{
    "__comment": "Model generated using MrCrayfish's Model Creator (https://mrcrayfish.com/tools?id=mc)",
    "textures": {
        "fence": "biomesoplenty:block/dead_fence"
    },
    "display": {
        "gui": {
            "rotation": [ 30, 135, 0 ],
            "translation": [ 0, 0, 0 ],
            "scale": [ 0.625, 0.625, 0.625 ]
        },
        "ground": {
            "rotation": [ 0, 0, 0 ],
            "translation": [ 0, 3, 0 ],
            "scale": [ 0.25, 0.25, 0.25 ]
        },
        "fixed": {
            "rotation": [ 0, 180, 0 ],
            "translation": [ 0, 0, 0 ],
            "scale": [ 1, 1, 1 ]
        },
        "head": {
            "rotation": [ 0, 180, 0 ],
            "translation": [ 0, 0, 0 ],
            "scale": [ 1, 1, 1 ]
        },
        "firstperson_righthand": {
            "rotation": [ 0, 315, 0 ],
            "translation": [ 0, 2.5, 0 ],
            "scale": [ 0.4, 0.4, 0.4 ]
        },
        "thirdperson_righthand": {
            "rotation": [ 75, 315, 0 ],
            "translation": [ 0, 2.5, 0 ],
            "scale": [ 0.375, 0.375, 0.375 ]
        }
    },
    "elements": [
        {
            "from": [ 7, 2, 8 ], 
            "to": [ 9, 4, 14 ], 
            "faces": {
                "east": { "texture": "#fence", "uv": [ 0, 12, 6, 14 ] },
                "west": { "texture": "#fence", "uv": [ 10, 12, 16, 14 ] },
                "up": { "texture": "#fence", "uv": [ 0, 12, 6, 14 ], "rotation": 90 },
                "down": { "texture": "#fence", "uv": [ 10, 12, 16, 14 ], "rotation": 90 }
            }
        },
        {
            "from": [ 7, 7, 8 ], 
            "to": [ 9, 9, 14 ], 
            "faces": {
                "east": { "texture": "#fence", "uv": [ 0, 8, 6, 10 ] },
                "west": { "texture": "#fence", "uv": [ 10, 8, 16, 10 ] },
                "up": { "texture": "#fence", "uv": [ 0, 8, 6, 10 ], "rotation": 90 },
                "down": { "texture": "#fence", "uv": [ 10, 8, 16, 10 ], "rotation": 90 }
            }
        },
        {
            "from": [ 7, 12, 8 ], 
            "to": [ 9, 14, 14 ], 
            "faces": {
                "east": { "texture": "#fence", "uv": [ 0, 4, 6, 6 ] },
                "west": { "texture": "#fence", "uv": [ 10, 4, 16, 6 ] },
                "up": { "texture": "#fence", "uv": [ 0, 4, 6, 6 ], "rotation": 90 },
                "down": { "texture": "#fence", "uv": [ 10, 4, 16, 6 ], "rotation": 90 }
            }
        },
        {
            "from": [ 7, 12, 2 ], 
            "to": [ 9, 14, 8 ], 
            "faces": {
                "east": { "texture": "#fence", "uv": [ 10, 4, 16, 6 ] },
                "west": { "texture": "#fence", "uv": [ 0, 4, 6, 6 ] },
                "up": { "texture": "#fence", "uv": [ 0, 4, 6, 6 ], "rotation": 90 },
                "down": { "texture": "#fence", "uv": [ 10, 4, 16, 6 ], "rotation": 90 }
            }
        },
        {
            "from": [ 7, 7, 2 ], 
            "to": [ 9, 9, 8 ], 
            "faces": {
                "east": { "texture": "#fence", "uv": [ 10, 8, 16, 10 ] },
                "west": { "texture": "#fence", "uv": [ 0, 8, 6, 10 ] },
                "up": { "texture": "#fence", "uv": [ 0, 8, 6, 10 ], "rotation": 90 },
                "down": { "texture": "#fence", "uv": [ 10, 8, 16, 10 ], "rotation": 90 }
            }
        },
        {
            "from": [ 7, 2, 2 ], 
            "to": [ 9, 4, 8 ], 
            "faces": {
                "east": { "texture": "#fence", "uv": [ 10, 12, 16, 14 ] },
                "west": { "texture": "#fence", "uv": [ 0, 12, 6, 14 ] },
                "up": { "texture": "#fence", "uv": [ 10, 12, 16, 14 ], "rotation": 90 },
                "down": { "texture": "#fence", "uv": [ 10, 12, 16, 14 ], "rotation": 90 }
            }
        },
        {
            "from": [ 6, 0, -2 ], 
            "to": [ 10, 16, 2 ], 
            "faces": {
                "north": { "texture": "#fence", "uv": [ 6, 0, 10, 16 ] },
                "east": { "texture": "#fence", "uv": [ 6, 0, 10, 16 ] },
                "south": { "texture": "#fence", "uv": [ 6, 0, 9, 16 ] },
                "west": { "texture": "#fence", "uv": [ 6, 0, 10, 16 ] },
                "up": { "texture": "#fence", "uv": [ 10, 0, 14, 4 ] },
                "down": { "texture": "#fence", "uv": [ 10, 0, 14, 4 ] }
            }
        },
        {
            "from": [ 6, 0, 14 ], 
            "to": [ 10, 16, 18 ], 
            "faces": {
                "north": { "texture": "#fence", "uv": [ 6, 0, 10, 16 ] },
                "east": { "texture": "#fence", "uv": [ 6, 0, 10, 16 ] },
                "south": { "texture": "#fence", "uv": [ 6, 0, 9, 16 ] },
                "west": { "texture": "#fence", "uv": [ 6, 0, 10, 16 ] },
                "up": { "texture": "#fence", "uv": [ 10, 0, 14, 4 ] },
                "down": { "texture": "#fence", "uv": [ 10, 0, 14, 4 ] }
            }
        }
    ]
}