{
    "__comment": "Model generated using MrCrayfish's Model Creator (https://mrcrayfish.com/tools?id=mc)",
    "textures": {
        "fence": "biomesoplenty:block/fir_fence"
    },
      "display": {
        "gui": {
            "rotation": [ 30, 135, 0 ],
            "translation": [ 0, 0, 0 ],
            "scale": [ 0.625, 0.625, 0.625 ]
        },
        "ground": {
            "rotation": [ 0, 0, 0 ],
            "translation": [ 0, 3, 0 ],
            "scale": [ 0.25, 0.25, 0.25 ]
        },
        "fixed": {
            "rotation": [ 0, 90, 0 ],
            "translation": [ 0, 0, 0 ],
            "scale": [ 0.5, 0.5, 0.5 ]
        },
        "firstperson_righthand": {
            "rotation": [ 0, 45, 0 ],
            "translation": [ 0, 2.5, 0 ],
            "scale": [ 0.4, 0.4, 0.4 ]
        },
        "thirdperson_righthand": {
            "rotation": [ 75, 45, 0 ],
            "translation": [ 0, 2.5, 0 ],
            "scale": [ 0.375, 0.375, 0.375 ]
        }
    },
    "elements": [
        {
            "from": [ 6, 9, -0.5 ], 
            "to": [ 7, 12, 9.5 ], 
            "faces": {
                "north": { "texture": "#fence", "uv": [ 6, 8, 7, 11 ], "cullface": "north" },
                "east": { "texture": "#fence", "uv": [ 6, 8, 16, 11 ] },
                "south": { "texture": "#fence", "uv": [ 12, 8, 13, 11 ] },
                "west": { "texture": "#fence", "uv": [ 6, 8, 16, 11 ] },
                "up": { "texture": "#fence", "uv": [ 6, 9, 16, 8 ], "rotation": 90 },
                "down": { "texture": "#fence", "uv": [ 6, 10, 16, 11 ], "rotation": 90 }
            }
        },
        {
            "from": [ 6.5, 0, 0 ], 
            "to": [ 9.5, 16, 3 ], 
            "faces": {
                "north": { "texture": "#fence", "uv": [ 0, 4, 16, 7 ], "rotation": 90 },
                "east": { "texture": "#fence", "uv": [ 0, 4, 16, 7 ], "rotation": 90 },
                "south": { "texture": "#fence", "uv": [ 0, 4, 16, 7 ], "rotation": 90 },
                "west": { "texture": "#fence", "uv": [ 0, 4, 16, 7 ], "rotation": 90 },
                "up": { "texture": "#fence", "uv": [ 0, 8, 3, 11 ] },
                "down": { "texture": "#fence", "uv": [ 0, 8, 3, 11 ], "cullface": "down" }
            }
        },
        {
            "from": [ 9, 9, -0.5 ], 
            "to": [ 10, 12, 9.5 ], 
            "faces": {
                "north": { "texture": "#fence", "uv": [ 15, 8, 16, 11 ] },
                "east": { "texture": "#fence", "uv": [ 6, 8, 16, 11 ] },
                "west": { "texture": "#fence", "uv": [ 6, 8, 16, 11 ] },
                "up": { "texture": "#fence", "uv": [ 6, 8, 16, 9 ], "rotation": 90 },
                "down": { "texture": "#fence", "uv": [ 6, 10, 16, 11 ], "rotation": 90 }
            }
        },
        {
            "from": [ 6.5, 0, 4.25 ], 
            "to": [ 9.5, 16, 7.25 ], 
            "faces": {
                "north": { "texture": "#fence", "uv": [ 0, 4, 16, 7 ], "rotation": 90 },
                "east": { "texture": "#fence", "uv": [ 0, 4, 16, 7 ], "rotation": 90 },
                "south": { "texture": "#fence", "uv": [ 0, 4, 16, 7 ], "rotation": 90 },
                "west": { "texture": "#fence", "uv": [ 0, 4, 16, 7 ], "rotation": 90 },
                "up": { "texture": "#fence", "uv": [ 0, 8, 3, 11 ] },
                "down": { "texture": "#fence", "uv": [ 0, 8, 3, 11 ], "cullface": "down" }
            }
        },
        {
            "from": [ 6.5, 0, 13 ], 
            "to": [ 9.5, 16, 16 ], 
            "faces": {
                "north": { "texture": "#fence", "uv": [ 0, 4, 16, 7 ], "rotation": 90 },
                "east": { "texture": "#fence", "uv": [ 0, 4, 16, 7 ], "rotation": 90 },
                "south": { "texture": "#fence", "uv": [ 0, 4, 16, 7 ], "rotation": 90 },
                "west": { "texture": "#fence", "uv": [ 0, 4, 16, 7 ], "rotation": 90 },
                "up": { "texture": "#fence", "uv": [ 0, 8, 3, 11 ] },
                "down": { "texture": "#fence", "uv": [ 0, 8, 3, 11 ], "cullface": "down" }
            }
        },
        {
            "from": [ 6.5, 0, 8.75 ], 
            "to": [ 9.5, 16, 11.75 ], 
            "faces": {
                "north": { "texture": "#fence", "uv": [ 0, 4, 16, 7 ], "rotation": 90 },
                "east": { "texture": "#fence", "uv": [ 0, 4, 16, 7 ], "rotation": 90 },
                "south": { "texture": "#fence", "uv": [ 0, 4, 16, 7 ], "rotation": 90 },
                "west": { "texture": "#fence", "uv": [ 0, 4, 16, 7 ], "rotation": 90 },
                "up": { "texture": "#fence", "uv": [ 0, 8, 3, 11 ] },
                "down": { "texture": "#fence", "uv": [ 0, 8, 3, 11 ], "cullface": "down" }
            }
        },
        {
            "from": [ 6, 9, 9.5 ], 
            "to": [ 7, 12, 16.5 ], 
            "faces": {
                "north": { "texture": "#fence", "uv": [ 6, 8, 7, 11 ], "cullface": "north" },
                "east": { "texture": "#fence", "uv": [ 6, 8, 13, 11 ] },
                "south": { "texture": "#fence", "uv": [ 12, 8, 13, 11 ] },
                "west": { "texture": "#fence", "uv": [ 6, 8, 13, 11 ] },
                "up": { "texture": "#fence", "uv": [ 6, 9, 16, 8 ], "rotation": 90 },
                "down": { "texture": "#fence", "uv": [ 6, 10, 16, 11 ], "rotation": 90 }
            }
        },
        {
            "from": [ 9, 9, 9.5 ], 
            "to": [ 10, 12, 16.5 ], 
            "faces": {
                "east": { "texture": "#fence", "uv": [ 6, 8, 13, 11 ] },
                "south": { "texture": "#fence", "uv": [ 15, 8, 16, 11 ] },
                "west": { "texture": "#fence", "uv": [ 6, 8, 13, 11 ] },
                "up": { "texture": "#fence", "uv": [ 6, 8, 16, 9 ], "rotation": 90 },
                "down": { "texture": "#fence", "uv": [ 6, 10, 16, 11 ], "rotation": 90 }
            }
        }
    ]
}