{
	"parent": "block/leaves",
    "textures": {
        "particle": "biomesoplenty:block/fir_leaves",
        "leaves_fir_bl": "biomesoplenty:block/leaves_fir_bl",
        "fir_leaves": "biomesoplenty:block/fir_leaves"
    },
        "elements": [
        {
            "name": "Cube",
            "from": [ 0, 0, 0 ], 
            "to": [ 16, 16, 16 ], 
            "faces": {
                "north": { "texture": "#fir_leaves", "uv": [ 0, 0, 16, 16 ], "tintindex": 0 },
                "east": { "texture": "#fir_leaves", "uv": [ 0, 0, 16, 16 ], "tintindex": 0 },
                "south": { "texture": "#fir_leaves", "uv": [ 0, 0, 16, 16 ], "tintindex": 0 },
                "west": { "texture": "#fir_leaves", "uv": [ 0, 0, 16, 16 ], "tintindex": 0 },
                "up": { "texture": "#fir_leaves", "uv": [ 0, 0, 16, 16 ], "tintindex": 0 },
                "down": { "texture": "#fir_leaves", "uv": [ 0, 0, 16, 16 ], "tintindex": 0 }
            }
        },
        {
            "name": "Cube",
            "from": [ 0, -11, 1 ], 
            "to": [ 16, 5, 1 ], 
            "rotation": { "origin": [ 8, 8, 8 ], "axis": "x", "angle": 22.5 },
            "faces": {
                "north": { "texture": "#leaves_fir_bl", "uv": [ 0, 0, 16, 16 ], "tintindex": 0 }
            }
        },
        {
            "name": "Cube",
            "from": [ 0, -11, 15 ], 
            "to": [ 16, 5, 15 ], 
            "rotation": { "origin": [ 8, 8, 8 ], "axis": "x", "angle": -22.5 },
            "faces": {
                "south": { "texture": "#leaves_fir_bl", "uv": [ 0, 0, 16, 16 ], "tintindex": 0 }
            }
        },
        {
            "name": "Cube",
            "from": [ 1, -11, 0 ], 
            "to": [ 1, 5, 16 ], 
            "rotation": { "origin": [ 8, 8, 8 ], "axis": "z", "angle": -22.5 },
            "faces": {
                "west": { "texture": "#leaves_fir_bl", "uv": [ 0, 0, 16, 16 ], "tintindex": 0 }
            }
        },
        {
            "name": "Cube",
            "from": [ 15, -11, 0 ], 
            "to": [ 15, 5, 16 ], 
            "rotation": { "origin": [ 8, 8, 8 ], "axis": "z", "angle": 22.5 },
            "faces": {
                "east": { "texture": "#leaves_fir_bl", "uv": [ 0, 0, 16, 16 ], "tintindex": 0 }
            }
        }
    ]
}