{
"ambientocclusion": false,
    "textures": {
        "particle": "biomesoplenty:block/flesh",
        "flesheye": "biomesoplenty:block/flesheye",
        "flesh": "biomesoplenty:block/flesh"
    },
    "display": {
        "gui": {
            "rotation": [ 30, 45, 0 ],
            "translation": [ 0, 0, 0 ],
            "scale": [ 0.625, 0.625, 0.625 ]
        },
        "ground": {
            "rotation": [ 0, 0, 0 ],
            "translation": [ 0, 3, 0 ],
            "scale": [ 0.25, 0.25, 0.25 ]
        },
        "fixed": {
            "rotation": [ 0, 180, 0 ],
            "translation": [ 0, 0, 0 ],
            "scale": [ 1, 1, 1 ]
        },
        "head": {
            "rotation": [ 0, 180, 0 ],
            "translation": [ 0, 0, 0 ],
            "scale": [ 1, 1, 1 ]
        },
        "firstperson_righthand": {
            "rotation": [ 0, 315, 0 ],
            "translation": [ 0, 2.5, 0 ],
            "scale": [ 0.4, 0.4, 0.4 ]
        },
        "thirdperson_righthand": {
            "rotation": [ 75, 315, 0 ],
            "translation": [ 0, 2.5, 0 ],
            "scale": [ 0.375, 0.375, 0.375 ]
        }
    },
    "elements": [
        {
            "name": "flesh",
            "from": [ 0, 0, 0 ], 
            "to": [ 16, 16, 16 ], 
            "faces": {
                "north": { "texture": "#flesh", "uv": [ 0, 0, 16, 16 ] },
                "east": { "texture": "#flesh", "uv": [ 0, 0, 16, 16 ] },
                "south": { "texture": "#flesh", "uv": [ 0, 0, 16, 16 ] },
                "west": { "texture": "#flesh", "uv": [ 0, 0, 16, 16 ] },
                "up": { "texture": "#flesh", "uv": [ 0, 0, 16, 16 ] },
                "down": { "texture": "#flesh", "uv": [ 0, 0, 16, 16 ] }
            }
        },
        {
            "name": "eye",
            "from": [ 2, 16, 6 ], 
            "to": [ 5, 17, 9 ], 
            "faces": {
                "north": { "texture": "#flesheye", "uv": [ 3, 2, 6, 3 ] },
                "east": { "texture": "#flesheye", "uv": [ 2, 2, 5, 3 ] },
                "south": { "texture": "#flesheye", "uv": [ 2, 3, 5, 4 ] },
                "west": { "texture": "#flesheye", "uv": [ 2, 6, 5, 7 ] },
                "up": { "texture": "#flesheye", "uv": [ 2, 3, 5, 6 ] }
            }
        },
        {
            "name": "bigeye",
            "from": [ 9, 7, -1 ], 
            "to": [ 12, 10, 0 ], 
            "faces": {
                "north": { "texture": "#flesheye", "uv": [ 10, 11, 13, 14 ] },
                "east": { "texture": "#flesheye", "uv": [ 10, 11, 11, 14 ] },
                "west": { "texture": "#flesheye", "uv": [ 13, 11, 14, 14 ] },
                "up": { "texture": "#flesheye", "uv": [ 13, 11, 10, 12 ] },
                "down": { "texture": "#flesheye", "uv": [ 13, 13, 10, 14 ] }
            }
        },
        {
            "name": "bigeye",
            "from": [ 8, 8, -1 ], 
            "to": [ 11, 11, 0 ], 
            "faces": {
                "north": { "texture": "#flesheye", "uv": [ 11, 10, 14, 13 ] },
                "east": { "texture": "#flesheye", "uv": [ 10, 11, 11, 14 ] },
                "west": { "texture": "#flesheye", "uv": [ 13, 10, 14, 13 ] },
                "up": { "texture": "#flesheye", "uv": [ 14, 10, 11, 11 ] },
                "down": { "texture": "#flesheye", "uv": [ 14, 12, 11, 13 ] }
            }
        },
        {
            "name": "eyebulge",
            "from": [ 1, 15.5, 6 ], 
            "to": [ 2, 16.5, 9 ], 
            "shade": false,
            "faces": {
                "north": { "texture": "#flesh", "uv": [ 1, 6, 2, 7 ] },
                "east": { "texture": "#flesh", "uv": [ 4, 0, 7, 1 ] },
                "south": { "texture": "#flesh", "uv": [ 1, 8, 2, 9 ] },
                "west": { "texture": "#flesh", "uv": [ 2, 10, 5, 11 ] },
                "up": { "texture": "#flesh", "uv": [ 1, 6, 2, 9 ] }
            }
        },
        {
            "name": "eyebulge",
            "from": [ 5, 15.5, 6 ], 
            "to": [ 6, 16.5, 9 ], 
            "shade": false,
            "faces": {
                "north": { "texture": "#flesh", "uv": [ 5, 7, 6, 8 ] },
                "east": { "texture": "#flesh", "uv": [ 5, 7, 8, 8 ] },
                "south": { "texture": "#flesh", "uv": [ 5, 5, 6, 6 ] },
                "west": { "texture": "#flesh", "uv": [ 2, 7, 5, 8 ] },
                "up": { "texture": "#flesh", "uv": [ 5, 8, 6, 5 ] }
            }
        },
        {
            "name": "eyebulge",
            "from": [ 2, 15.5, 9 ], 
            "to": [ 5, 16.5, 10 ], 
            "shade": false,
            "faces": {
                "north": { "texture": "#flesh", "uv": [ 2, 9, 5, 10 ] },
                "east": { "texture": "#flesh", "uv": [ 4, 6, 6, 7 ] },
                "south": { "texture": "#flesh", "uv": [ 2, 9, 5, 10 ] },
                "west": { "texture": "#flesh", "uv": [ 0, 4, 1, 5 ] },
                "up": { "texture": "#flesh", "uv": [ 2, 4, 5, 5 ] }
            }
        },
        {
            "name": "eyebulge",
            "from": [ 2, 15.5, 5 ], 
            "to": [ 5, 16.5, 6 ], 
            "shade": false,
            "faces": {
                "north": { "texture": "#flesh", "uv": [ 2, 4, 5, 5 ] },
                "east": { "texture": "#flesh", "uv": [ 4, 4, 5, 5 ] },
                "south": { "texture": "#flesh", "uv": [ 2, 4, 5, 5 ] },
                "west": { "texture": "#flesh", "uv": [ 2, 4, 3, 5 ] },
                "up": { "texture": "#flesh", "uv": [ 2, 9, 5, 10 ] }
            }
        },
        {
            "name": "Cube",
            "from": [ 7, 8, -0.5 ], 
            "to": [ 8, 11, 0.5 ], 
            "shade": false,
            "faces": {
                "north": { "texture": "#flesh", "uv": [ 8, 5, 9, 8 ] },
                "east": { "texture": "#flesh", "uv": [ 0, 0, 1, 3 ] },
                "west": { "texture": "#flesh", "uv": [ 0, 0, 1, 3 ] },
                "up": { "texture": "#flesh", "uv": [ 0, 0, 2, 1 ] },
                "down": { "texture": "#flesh", "uv": [ 0, 0, 1, 1 ] }
            }
        },
        {
            "name": "Cube",
            "from": [ 12, 7, -0.5 ], 
            "to": [ 13, 10, 0.5 ], 
            "shade": false,
            "faces": {
                "north": { "texture": "#flesh", "uv": [ 3, 6, 4, 9 ] },
                "east": { "texture": "#flesh", "uv": [ 3, 6, 4, 9 ] },
                "west": { "texture": "#flesh", "uv": [ 2, 1, 3, 4 ] },
                "up": { "texture": "#flesh", "uv": [ 0, 0, 1, 1 ] },
                "down": { "texture": "#flesh", "uv": [ 0, 0, 1, 1 ] }
            }
        },
        {
            "name": "Cube",
            "from": [ 9, 6, -0.5 ], 
            "to": [ 12, 7, 0.5 ], 
            "shade": false,
            "faces": {
                "north": { "texture": "#flesh", "uv": [ 4, 9, 7, 10 ] },
                "east": { "texture": "#flesh", "uv": [ 0, 0, 2, 1 ] },
                "west": { "texture": "#flesh", "uv": [ 0, 0, 1, 1 ] },
                "up": { "texture": "#flesh", "uv": [ 0, 0, 3, 1 ] },
                "down": { "texture": "#flesheye", "uv": [ 0, 0, 3, 1 ] }
            }
        },
        {
            "name": "Cube",
            "from": [ 8, 11, -0.5 ], 
            "to": [ 11, 12, 0.5 ], 
            "shade": false,
            "faces": {
                "north": { "texture": "#flesh", "uv": [ 6, 8, 9, 9 ] },
                "east": { "texture": "#flesh", "uv": [ 0, 0, 1, 1 ] },
                "west": { "texture": "#flesh", "uv": [ 0, 0, 1, 1 ] },
                "up": { "texture": "#flesh", "uv": [ 0, 0, 3, 1 ] },
                "down": { "texture": "#flesh", "uv": [ 0, 0, 3, 1 ] }
            }
        }
    ]
}