{
    "parent": "biomesoplenty:block/leaves_overlay",
    "textures": {
        "leaves": "biomesoplenty:block/flowering_oak_leaves",
        "overlay": "biomesoplenty:block/flowering_oak_leaves_overlay",
        "tips": "block/leaves_oak_bl",
		"particle": "biomesoplenty:block/flowering_oak_leaves"
	},
	"elements": 
	[
		{   "from": [ 0, 0, 0 ],
            "to": [ 16, 16, 16 ],
            "faces": {
                "down":  { "uv": [ 0, 0, 16, 16 ], "texture": "#overlay"},
                "up":    { "uv": [ 0, 0, 16, 16 ], "texture": "#overlay"},
                "north": { "uv": [ 0, 0, 16, 16 ], "texture": "#overlay"},
                "south": { "uv": [ 0, 0, 16, 16 ], "texture": "#overlay"},
                "west":  { "uv": [ 0, 0, 16, 16 ], "texture": "#overlay"},
                "east":  { "uv": [ 0, 0, 16, 16 ], "texture": "#overlay"}
            }
        },
        {   "from": [ 0, 0, 0 ],
            "to": [ 16, 16, 16 ],
            "faces": {
                "down":  { "uv": [ 0, 0, 16, 16 ], "texture": "#leaves", "tintindex": 1 },
                "up":    { "uv": [ 0, 0, 16, 16 ], "texture": "#leaves", "tintindex": 1 },
                "north": { "uv": [ 0, 0, 16, 16 ], "texture": "#leaves", "tintindex": 1 },
                "south": { "uv": [ 0, 0, 16, 16 ], "texture": "#leaves", "tintindex": 1 },
                "west":  { "uv": [ 0, 0, 16, 16 ], "texture": "#leaves", "tintindex": 1 },
                "east":  { "uv": [ 0, 0, 16, 16 ], "texture": "#leaves", "tintindex": 1 }
            }
        },
		{
			"name": "leavesNS",
			"from": [0, -8, 0.5],
			"to": [16, 0, 15.5],
			"faces": {
				"north": {
					"uv": [0, 0, 16, 8],
					"texture": "#tips",
					"tintindex": 0
				},
				"south": {
					"uv": [0, 0, 16, 8],
					"texture": "#tips",
					"tintindex": 0
				}
			}
		},
		{
			"name": "leavesEW",
			"from": [0.5, -8, 0],
			"to": [15.5, 0, 16],
			"faces": {
				"east": {
					"uv": [0, 0, 16, 8],
					"texture": "#tips",
					"tintindex": 0
				},
				"west": {
					"uv": [0, 0, 16, 8],
					"texture": "#tips",
					"tintindex": 0
				}
			}
		}
	]
}