{
	"parent": "block/block",
	"textures": {
        "middle": "biomesoplenty:block/magic_leaves",
		"glow": "biomesoplenty:block/glowing_magic_leaves1",
        "tips": "biomesoplenty:block/leaves_magic_bl",
		"particle": "biomesoplenty:block/magic_leaves"
	},
	"elements": [
		{
			"name": "leaves",
			"from": [0, 0, 0],
			"to": [16, 16, 16],
"faces": {
				"north": {
					"uv": [0, 0, 16, 16],
					"texture": "#middle",
					"cullface": "north"
				},
				"east": {
					"uv": [0, 0, 16, 16],
					"texture": "#glow",
					"cullface": "east"
				},
				"south": {
					"uv": [0, 0, 16, 16],
					"texture": "#glow",
					"cullface": "south"
				},
				"west": {
					"uv": [0, 0, 16, 16],
					"texture": "#middle",
					"cullface": "west"
				},
				"up": {
					"uv": [0, 0, 16, 16],
					"texture": "#glow",
					"cullface": "up"
				},
				"down": {
					"uv": [0, 0, 16, 16],
					"texture": "#middle",
					"cullface": "down"
				}
			}
		},
		{
			"name": "leavesNS",
			"from": [0, -8, 0.5],
			"to": [16, 0, 15.5],
			"faces": {
				"north": {
					"uv": [0, 0, 16, 8],
					"texture": "#tips"
				},
				"south": {
					"uv": [0, 0, 16, 8],
					"texture": "#tips"
				}
			}
		},
		{
			"name": "leavesEW",
			"from": [0.5, -8, 0],
			"to": [15.5, 0, 16],
			"faces": {
				"east": {
					"uv": [0, 0, 16, 8],
					"texture": "#tips"
				},
				"west": {
					"uv": [0, 0, 16, 8],
					"texture": "#tips"
				}
			}
		}
	]
}