{
    "__comment": "Model generated using MrCrayfish's Model Creator (https://mrcrayfish.com/tools?id=mc)",
    "textures": {
        "particle": "biomesoplenty:block/mahogany_planks",
        "mahogany_fence_gate": "biomesoplenty:block/mahogany_fence_gate",
        "fence": "biomesoplenty:block/mahogany_fence"
    },
    "display": {
        "gui": {
            "rotation": [ 30, 45, 0 ],
            "translation": [ 0, 0, 0 ],
            "scale": [ 0.625, 0.625, 0.625 ]
        },
        "ground": {
            "rotation": [ 0, 0, 0 ],
            "translation": [ 0, 3, 0 ],
            "scale": [ 0.25, 0.25, 0.25 ]
        },
        "fixed": {
            "rotation": [ 0, 90, 0 ],
            "translation": [ 0, 0, 0 ],
            "scale": [ 0.5, 0.5, 0.5 ]
        },
        "firstperson_righthand": {
            "rotation": [ 0, 45, 0 ],
            "translation": [ 0, 2.5, 0 ],
            "scale": [ 0.4, 0.4, 0.4 ]
        },
        "thirdperson_righthand": {
            "rotation": [ 75, 45, 0 ],
            "translation": [ 0, 2.5, 0 ],
            "scale": [ 0.375, 0.375, 0.375 ]
        }
    },
    "elements": [
        {
            "from": [ 14, 0, 6 ], 
            "to": [ 16, 16, 10 ], 
            "faces": {
                "north": { "texture": "#fence", "uv": [ 8, 0, 10, 16 ] },
                "east": { "texture": "#fence", "uv": [ 6, 0, 10, 16 ] },
                "south": { "texture": "#fence", "uv": [ 8, 0, 10, 16 ] },
                "west": { "texture": "#fence", "uv": [ 6, 0, 10, 16 ] },
                "up": { "texture": "#fence", "uv": [ 4, 12, 6, 16 ], "cullface": "up" },
                "down": { "texture": "#fence", "uv": [ 4, 12, 6, 16 ], "cullface": "down" }
            }
        },
        {
            "from": [ 0, 0, 6 ], 
            "to": [ 2, 16, 10 ], 
            "faces": {
                "north": { "texture": "#fence", "uv": [ 9, 0, 7, 16 ] },
                "east": { "texture": "#fence", "uv": [ 6, 0, 10, 16 ] },
                "south": { "texture": "#fence", "uv": [ 9, 0, 7, 16 ] },
                "west": { "texture": "#fence", "uv": [ 6, 0, 10, 16 ] },
                "up": { "texture": "#fence", "uv": [ 10, 12, 12, 16 ], "cullface": "up" },
                "down": { "texture": "#fence", "uv": [ 0, 8, 2, 16 ], "rotation": 90, "cullface": "down" }
            }
        },
        {
            "from": [ 2, 12, 6.5 ], 
            "to": [ 14, 14, 9.5 ], 
            "faces": {
                "north": { "texture": "#fence", "uv": [ 8, 4, 10, 16 ], "rotation": 90 },
                "south": { "texture": "#fence", "uv": [ 9, 0, 7, 12 ], "rotation": 90 },
                "up": { "texture": "#fence", "uv": [ 7, 0, 10, 12 ], "rotation": 90 },
                "down": { "texture": "#fence", "uv": [ 7, 0, 10, 12 ], "rotation": 90 }
            }
        },
        {
            "from": [ 4, 4, 7.5 ], 
            "to": [ 12, 12, 8.5 ], 
            "faces": {
                "north": { "texture": "#mahogany_fence_gate", "uv": [ 0, 0, 8, 8 ] },
                "south": { "texture": "#mahogany_fence_gate", "uv": [ 0, 0, 8, 8 ] }
            }
        },
        {
            "from": [ 2, 2, 6.5 ], 
            "to": [ 14, 4, 9.5 ], 
            "faces": {
                "north": { "texture": "#fence", "uv": [ 8, 4, 10, 16 ], "rotation": 90 },
                "south": { "texture": "#fence", "uv": [ 8, 0, 10, 12 ], "rotation": 90 },
                "up": { "texture": "#fence", "uv": [ 7, 4, 10, 16 ], "rotation": 90 },
                "down": { "texture": "#fence", "uv": [ 7, 4, 10, 16 ], "rotation": 90 }
            }
        },
        {
            "from": [ 2, 4, 6.5 ], 
            "to": [ 4, 12, 9.5 ], 
            "faces": {
                "north": { "texture": "#fence", "uv": [ 8, 0, 10, 8 ] },
                "east": { "texture": "#fence", "uv": [ 7, 0, 10, 8 ] },
                "south": { "texture": "#fence", "uv": [ 8, 8, 10, 16 ] }
            }
        },
        {
            "from": [ 12, 4, 6.5 ], 
            "to": [ 14, 12, 9.5 ], 
            "faces": {
                "north": { "texture": "#fence", "uv": [ 8, 0, 10, 8 ] },
                "south": { "texture": "#fence", "uv": [ 9, 8, 7, 16 ] },
                "west": { "texture": "#fence", "uv": [ 7, 8, 10, 16 ] }
            }
        }
    ]
}