{
    "__comment": "Model generated using MrCrayfish's Model Creator (https://mrcrayfish.com/tools?id=mc)",
    "textures": {
        "particle": "biomesoplenty:block/mahogany_planks",
        "mahogany_fence_gate": "biomesoplenty:block/mahogany_fence_gate",
        "fence": "biomesoplenty:block/mahogany_fence"
    },
    "elements": [
        {
            "from": [ 14, 0, 6 ], 
            "to": [ 16, 16, 10 ], 
            "faces": {
                "north": { "texture": "#fence", "uv": [ 8, 0, 10, 16 ] },
                "east": { "texture": "#fence", "uv": [ 6, 0, 10, 16 ] },
                "south": { "texture": "#fence", "uv": [ 8, 0, 10, 16 ] },
                "west": { "texture": "#fence", "uv": [ 6, 0, 10, 16 ] },
                "up": { "texture": "#fence", "uv": [ 4, 12, 6, 16 ], "cullface": "up" },
                "down": { "texture": "#fence", "uv": [ 4, 12, 6, 16 ], "cullface": "down" }
            }
        },
        {
            "from": [ 0, 0, 6 ], 
            "to": [ 2, 16, 10 ], 
            "faces": {
                "north": { "texture": "#fence", "uv": [ 9, 0, 7, 16 ] },
                "east": { "texture": "#fence", "uv": [ 6, 0, 10, 16 ] },
                "south": { "texture": "#fence", "uv": [ 9, 0, 7, 16 ] },
                "west": { "texture": "#fence", "uv": [ 6, 0, 10, 16 ] },
                "up": { "texture": "#fence", "uv": [ 10, 12, 12, 16 ], "cullface": "up" },
                "down": { "texture": "#fence", "uv": [ 0, 8, 2, 16 ], "rotation": 90, "cullface": "down" }
            }
        },
        {
            "from": [ 12, 12, 6.5 ], 
            "to": [ 15, 14, 18.5 ], 
            "faces": {
                "north": { "texture": "#fence", "uv": [ 8, 10, 10, 13 ], "rotation": 90 },
                "east": { "texture": "#fence", "uv": [ 8, 0, 10, 12 ], "rotation": 90 },
                "south": { "texture": "#fence", "uv": [ 8, 0, 10, 3 ], "rotation": 90 },
                "west": { "texture": "#fence", "uv": [ 8, 0, 10, 12 ], "rotation": 90 },
                "up": { "texture": "#fence", "uv": [ 7, 0, 10, 12 ] },
                "down": { "texture": "#fence", "uv": [ 7, 0, 10, 12 ] }
            }
        },
        {
            "from": [ 13, 4, 8.5 ], 
            "to": [ 14, 12, 16.5 ], 
            "faces": {
                "east": { "texture": "#mahogany_fence_gate", "uv": [ 0, 0, 8, 8 ] },
                "west": { "texture": "#mahogany_fence_gate", "uv": [ 0, 0, 8, 8 ] }
            }
        },
        {
            "from": [ 12, 2, 6.5 ], 
            "to": [ 15, 4, 18.5 ], 
            "faces": {
                "north": { "texture": "#fence", "uv": [ 8, 0, 10, 3 ], "rotation": 90 },
                "east": { "texture": "#fence", "uv": [ 9, 0, 7, 12 ], "rotation": 90 },
                "south": { "texture": "#fence", "uv": [ 8, 0, 10, 3 ], "rotation": 90 },
                "west": { "texture": "#fence", "uv": [ 9, 0, 7, 12 ], "rotation": 90 },
                "up": { "texture": "#fence", "uv": [ 7, 4, 10, 16 ] },
                "down": { "texture": "#fence", "uv": [ 7, 4, 10, 16 ] }
            }
        },
        {
            "from": [ 12, 4, 16.5 ], 
            "to": [ 15, 12, 18.5 ], 
            "faces": {
                "north": { "texture": "#fence", "uv": [ 10, 0, 7, 8 ] },
                "east": { "texture": "#fence", "uv": [ 9, 0, 7, 8 ] },
                "south": { "texture": "#fence", "uv": [ 7, 8, 10, 16 ] },
                "west": { "texture": "#fence", "uv": [ 9, 8, 7, 16 ] }
            }
        },
        {
            "from": [ 12, 4, 6.5 ], 
            "to": [ 15, 12, 8.5 ], 
            "faces": {
                "north": { "texture": "#fence", "uv": [ 10, 0, 7, 8 ] },
                "south": { "texture": "#fence", "uv": [ 7, 8, 10, 16 ] },
                "west": { "texture": "#fence", "uv": [ 8, 8, 10, 16 ] }
            }
        }
    ]
}