{
    "__comment": "Model generated using MrCrayfish's Model Creator (https://mrcrayfish.com/tools?id=mc)",
    "textures": {
        "fence": "biomesoplenty:block/mahogany_fence"
    },
    "display": {
        "gui": {
            "rotation": [ 30, 45, 0 ],
            "translation": [ 0, 0, 0 ],
            "scale": [ 0.625, 0.625, 0.625 ]
        },
        "ground": {
            "rotation": [ 0, 0, 0 ],
            "translation": [ 0, 3, 0 ],
            "scale": [ 0.25, 0.25, 0.25 ]
        },
        "fixed": {
            "rotation": [ 0, 180, 0 ],
            "translation": [ 0, 0, 0 ],
            "scale": [ 1, 1, 1 ]
        },
        "head": {
            "rotation": [ 0, 180, 0 ],
            "translation": [ 0, 0, 0 ],
            "scale": [ 1, 1, 1 ]
        },
        "firstperson_righthand": {
            "rotation": [ 0, 315, 0 ],
            "translation": [ 0, 2.5, 0 ],
            "scale": [ 0.4, 0.4, 0.4 ]
        },
        "thirdperson_righthand": {
            "rotation": [ 75, 315, 0 ],
            "translation": [ 0, 2.5, 0 ],
            "scale": [ 0.375, 0.375, 0.375 ]
        }
    },
    "elements": [
        {
            "from": [ 14, 0, 6 ], 
            "to": [ 18, 16, 10 ], 
            "faces": {
                "north": { "texture": "#fence", "uv": [ 6, 0, 10, 16 ] },
                "east": { "texture": "#fence", "uv": [ 6, 0, 10, 16 ] },
                "south": { "texture": "#fence", "uv": [ 6, 0, 10, 16 ] },
                "west": { "texture": "#fence", "uv": [ 6, 0, 10, 16 ] },
                "up": { "texture": "#fence", "uv": [ 12, 5, 16, 9 ], "cullface": "up" },
                "down": { "texture": "#fence", "uv": [ 12, 5, 16, 9 ], "cullface": "down" }
            }
        },
        {
            "from": [ 8, 11, 6 ], 
            "to": [ 14, 15, 10 ], 
            "faces": {
                "north": { "texture": "#fence", "uv": [ 10, 1, 16, 5 ] },
                "south": { "texture": "#fence", "uv": [ 0, 1, 6, 5 ] },
                "up": { "texture": "#fence", "uv": [ 10, 1, 16, 5 ] },
                "down": { "texture": "#fence", "uv": [ 0, 1, 6, 5 ] }
            }
        },
        {
            "from": [ 4.5, 0, 7 ], 
            "to": [ 6.5, 11, 9 ], 
            "faces": {
                "north": { "texture": "#fence", "uv": [ 10, 5, 12, 16 ] },
                "east": { "texture": "#fence", "uv": [ 10, 5, 12, 16 ] },
                "south": { "texture": "#fence", "uv": [ 4, 5, 6, 16 ] },
                "west": { "texture": "#fence", "uv": [ 4, 5, 6, 16 ] },
                "down": { "texture": "#fence", "uv": [ 10, 14, 12, 16 ], "cullface": "down" }
            }
        },
        {
            "from": [ -2, 0, 6 ], 
            "to": [ 2, 16, 10 ], 
            "faces": {
                "north": { "texture": "#fence", "uv": [ 6, 0, 10, 16 ] },
                "east": { "texture": "#fence", "uv": [ 6, 0, 10, 16 ] },
                "south": { "texture": "#fence", "uv": [ 6, 0, 10, 16 ] },
                "west": { "texture": "#fence", "uv": [ 6, 0, 10, 16 ] },
                "up": { "texture": "#fence", "uv": [ 12, 5, 16, 9 ], "cullface": "up" },
                "down": { "texture": "#fence", "uv": [ 12, 5, 16, 9 ], "cullface": "down" }
            }
        },
        {
            "from": [ 2, 11, 6 ], 
            "to": [ 8, 15, 10 ], 
            "faces": {
                "north": { "texture": "#fence", "uv": [ 10, 1, 16, 5 ] },
                "south": { "texture": "#fence", "uv": [ 0, 1, 6, 5 ] },
                "up": { "texture": "#fence", "uv": [ 10, 1, 16, 5 ] },
                "down": { "texture": "#fence", "uv": [ 0, 1, 6, 5 ] }
            }
        },
        {
            "from": [ 9.5, 0, 7 ], 
            "to": [ 11.5, 11, 9 ], 
            "faces": {
                "north": { "texture": "#fence", "uv": [ 10, 5, 12, 16 ] },
                "east": { "texture": "#fence", "uv": [ 10, 5, 12, 16 ] },
                "south": { "texture": "#fence", "uv": [ 4, 5, 6, 16 ] },
                "west": { "texture": "#fence", "uv": [ 4, 5, 6, 16 ] },
                "down": { "texture": "#fence", "uv": [ 10, 14, 12, 16 ], "cullface": "down" }
            }
        }
    ]
}