{
    "__comment": "Model generated using MrCrayfish's Model Creator (https://mrcrayfish.com/tools?id=mc)",
"ambientocclusion": false,
    "textures": {
        "particle": "biomesoplenty:block/mahogany_trapdoor",
        "side": "biomesoplenty:block/mahogany_door_side",
        "bottom": "biomesoplenty:block/mahogany_trapdoor"
    },
    "elements": [
        {
            "from": [ 0, 13, 13 ], 
            "to": [ 16, 16, 16 ], 
            "faces": {
                "north": { "texture": "#bottom", "uv": [ 16, 13, 0, 16 ] },
                "east": { "texture": "#side", "uv": [ 12, 13, 15, 16 ], "rotation": 90, "cullface": "east" },
                "south": { "texture": "#side", "uv": [ 12, 0, 15, 16 ], "rotation": 90, "cullface": "south" },
                "west": { "texture": "#side", "uv": [ 12, 13, 15, 16 ], "rotation": 270, "cullface": "west" },
                "up": { "texture": "#bottom", "uv": [ 0, 13, 16, 16 ] },
                "down": { "texture": "#side", "uv": [ 12, 0, 16, 3 ], "rotation": 270, "cullface": "down" }
            }
        },
        {
            "from": [ 0, 13, 0 ], 
            "to": [ 16, 16, 3 ], 
            "faces": {
                "north": { "texture": "#side", "uv": [ 12, 0, 15, 16 ], "rotation": 90, "cullface": "north" },
                "east": { "texture": "#side", "uv": [ 12, 0, 15, 3 ], "rotation": 90, "cullface": "east" },
                "south": { "texture": "#side", "uv": [ 12, 0, 15, 16 ], "rotation": 90 },
                "west": { "texture": "#side", "uv": [ 12, 0, 15, 3 ], "rotation": 270, "cullface": "west" },
                "up": { "texture": "#bottom", "uv": [ 0, 0, 16, 3 ] },
                "down": { "texture": "#bottom", "uv": [ 0, 0, 16, 3 ], "cullface": "down" }
            }
        },
        {
            "from": [ 0, 13, 3 ], 
            "to": [ 3, 16, 13 ], 
            "faces": {
                "east": { "texture": "#bottom", "uv": [ 0, 3, 3, 13 ], "rotation": 90 },
                "west": { "texture": "#side", "uv": [ 12, 3, 15, 13 ], "rotation": 90, "cullface": "west" },
                "up": { "texture": "#bottom", "uv": [ 0, 3, 3, 13 ], "rotation": 180 },
                "down": { "texture": "#bottom", "uv": [ 0, 3, 3, 13 ], "rotation": 270, "cullface": "down" }
            }
        },
        {
            "from": [ 3, 14, 3 ], 
            "to": [ 13, 15, 13 ], 
            "faces": {
                "up": { "texture": "#bottom", "uv": [ 3, 3, 13, 13 ], "rotation": 270 },
                "down": { "texture": "#bottom", "uv": [ 3, 3, 13, 13 ], "rotation": 270, "cullface": "down" }
            }
        },
        {
            "from": [ 13, 13, 3 ], 
            "to": [ 16, 16, 13 ], 
            "faces": {
                "east": { "texture": "#bottom", "uv": [ 13, 3, 16, 13 ], "rotation": 90, "cullface": "east" },
                "west": { "texture": "#side", "uv": [ 12, 3, 15, 13 ], "rotation": 90 },
                "up": { "texture": "#bottom", "uv": [ 13, 3, 16, 13 ], "rotation": 180 },
                "down": { "texture": "#bottom", "uv": [ 13, 3, 16, 13 ], "rotation": 270, "cullface": "down" }
            }
        }
    ]
}