{
    "__comment": "Model generated using MrCrayfish's Model Creator (https://mrcrayfish.com/tools?id=mc)",
    "textures": {
        "particle": "biomesoplenty:block/mahogany_fence",
        "fence": "biomesoplenty:block/mahogany_fence"
    },
    "elements": [
        {
            "from": [ 6, 11, 0 ], 
            "to": [ 10, 15, 6 ], 
            "faces": {
                "east": { "texture": "#fence", "uv": [ 0, 5, 6, 1 ] },
                "west": { "texture": "#fence", "uv": [ 10, 1, 16, 5 ] },
                "up": { "texture": "#fence", "uv": [ 0, 5, 6, 1 ], "rotation": 270 },
                "down": { "texture": "#fence", "uv": [ 10, 1, 16, 5 ], "rotation": 270 }
            }
        },
        {
            "from": [ 7, -1, 1.5 ], 
            "to": [ 9, 11, 3.5 ], 
            "faces": {
                "north": { "texture": "#fence", "uv": [ 10, 4, 12, 16 ] },
                "east": { "texture": "#fence", "uv": [ 4, 4, 6, 16 ] },
                "south": { "texture": "#fence", "uv": [ 4, 4, 6, 16 ] },
                "west": { "texture": "#fence", "uv": [ 10, 4, 12, 16 ] },
                "down": { "texture": "#fence", "uv": [ 10, 14, 12, 16 ], "rotation": 270, "cullface": "down" }
            }
        }
    ]
}