{
    "__comment": "Model generated using MrCrayfish's Model Creator (https://mrcrayfish.com/tools?id=mc)",
"ambientocclusion": false,
    "textures": {
        "palm_door_top": "biomesoplenty:block/palm_door_top",
		"particle": "biomesoplenty:block/palm_door_top"
    },
    "elements": [
        {
            "from": [ 0, 0, 0 ], 
            "to": [ 3, 16, 3 ], 
            "faces": {
                "north": { "texture": "#palm_door_top", "uv": [ 16, 0, 13, 16 ], "cullface": "north" },
                "east": { "texture": "#palm_door_top", "uv": [ 13, 0, 16, 16 ] },
                "south": { "texture": "#palm_door_top", "uv": [ 0, 0, 3, 16 ] },
                "west": { "texture": "#palm_door_top", "uv": [ 0, 0, 3, 16 ], "cullface": "west" },
                "up": { "texture": "#palm_door_top", "uv": [ 13, 0, 16, 3 ], "rotation": 90, "cullface": "up" }
            }
        },
        {
            "from": [ 0, 0, 13 ], 
            "to": [ 3, 16, 16 ], 
            "faces": {
                "north": { "texture": "#palm_door_top", "uv": [ 3, 0, 0, 16 ] },
                "east": { "texture": "#palm_door_top", "uv": [ 0, 0, 3, 16 ] },
                "south": { "texture": "#palm_door_top", "uv": [ 0, 0, 3, 16 ], "cullface": "south" },
                "west": { "texture": "#palm_door_top", "uv": [ 13, 0, 16, 16 ], "cullface": "west" },
                "up": { "texture": "#palm_door_top", "uv": [ 0, 0, 3, 3 ], "rotation": 90, "cullface": "up" }
            }
        },
        {
            "from": [ 1, 0, 5 ], 
            "to": [ 2, 13, 7 ], 
            "faces": {
                "north": { "texture": "#palm_door_top", "uv": [ 11, 3, 10, 16 ] },
                "east": { "texture": "#palm_door_top", "uv": [ 9, 3, 11, 16 ] },
                "south": { "texture": "#palm_door_top", "uv": [ 5, 3, 6, 16 ] },
                "west": { "texture": "#palm_door_top", "uv": [ 5, 3, 7, 16 ] }
            }
        },
        {
            "from": [ 1, 0, 9 ], 
            "to": [ 2, 13, 11 ], 
            "faces": {
                "north": { "texture": "#palm_door_top", "uv": [ 6, 3, 5, 16 ] },
                "east": { "texture": "#palm_door_top", "uv": [ 5, 3, 7, 16 ] },
                "south": { "texture": "#palm_door_top", "uv": [ 10, 3, 11, 16 ] },
                "west": { "texture": "#palm_door_top", "uv": [ 9, 3, 11, 16 ] }
            }
        },
        {
            "from": [ 0, 13, 3 ], 
            "to": [ 3, 16, 13 ], 
            "faces": {
                "east": { "texture": "#palm_door_top", "uv": [ 3, 0, 13, 3 ] },
                "west": { "texture": "#palm_door_top", "uv": [ 3, 0, 13, 3 ] },
                "up": { "texture": "#palm_door_top", "uv": [ 3, 0, 13, 3 ], "rotation": 90 },
                "down": { "texture": "#palm_door_top", "uv": [ 3, 0, 13, 3 ], "rotation": 90 }
            }
        },
        {
            "from": [ 1, 9, 3 ], 
            "to": [ 2, 11, 13 ], 
            "faces": {
                "east": { "texture": "#palm_door_top", "uv": [ 3, 5, 13, 7 ] },
                "west": { "texture": "#palm_door_top", "uv": [ 3, 5, 13, 7 ] },
                "up": { "texture": "#palm_door_top", "uv": [ 3, 5, 13, 6 ], "rotation": 90 },
                "down": { "texture": "#palm_door_top", "uv": [ 3, 6, 13, 7 ] }
            }
        },
        {
            "from": [ 1, 5, 3 ], 
            "to": [ 2, 7, 13 ], 
            "faces": {
                "east": { "texture": "#palm_door_top", "uv": [ 3, 9, 13, 11 ] },
                "west": { "texture": "#palm_door_top", "uv": [ 3, 9, 13, 11 ] },
                "up": { "texture": "#palm_door_top", "uv": [ 3, 5, 13, 6 ] },
                "down": { "texture": "#palm_door_top", "uv": [ 3, 6, 13, 7 ] }
            }
        },
        {
            "from": [ 1, 1, 3 ], 
            "to": [ 2, 3, 13 ], 
            "faces": {
                "east": { "texture": "#palm_door_top", "uv": [ 3, 13, 13, 15 ] },
                "west": { "texture": "#palm_door_top", "uv": [ 3, 13, 13, 15 ] },
                "up": { "texture": "#palm_door_top", "uv": [ 3, 13, 13, 14 ] },
                "down": { "texture": "#palm_door_top", "uv": [ 3, 13, 13, 14 ] }
            }
        }
    ]
}