{
	"credit": "Made with Blockbench",
	"ambientocclusion": false,
	"textures": {
		"palm_door_top": "biomesoplenty:block/palm_door_top",
		"particle": "biomesoplenty:block/palm_door_top"
	},
	"elements": [
		{
			"from": [0, 0, 13],
			"to": [3, 16, 16],
			"faces": {
				"north": {"uv": [3, 0, 0, 16], "texture": "#palm_door_top"},
				"east": {"uv": [16, 0, 13, 16], "texture": "#palm_door_top"},
				"south": {"uv": [13, 0, 16, 16], "texture": "#palm_door_top", "cullface": "north"},
				"west": {"uv": [3, 0, 0, 16], "texture": "#palm_door_top", "cullface": "west"},
				"up": {"uv": [16, 0, 13, 3], "rotation": 90, "texture": "#palm_door_top", "cullface": "up"}
			}
		},
		{
			"from": [0, 0, 0],
			"to": [3, 16, 3],
			"faces": {
				"north": {"uv": [3, 0, 0, 16], "texture": "#palm_door_top", "cullface": "south"},
				"east": {"uv": [3, 0, 0, 16], "texture": "#palm_door_top"},
				"south": {"uv": [0, 0, 3, 16], "texture": "#palm_door_top"},
				"west": {"uv": [16, 0, 13, 16], "texture": "#palm_door_top", "cullface": "west"},
				"up": {"uv": [3, 0, 0, 3], "rotation": 90, "texture": "#palm_door_top", "cullface": "up"}
			}
		},
		{
			"from": [1, 0, 9],
			"to": [2, 13, 11],
			"faces": {
				"north": {"uv": [6, 3, 5, 16], "texture": "#palm_door_top"},
				"east": {"uv": [11, 3, 9, 16], "texture": "#palm_door_top"},
				"south": {"uv": [10, 3, 11, 16], "texture": "#palm_door_top"},
				"west": {"uv": [7, 3, 5, 16], "texture": "#palm_door_top"}
			}
		},
		{
			"from": [1, 0, 5],
			"to": [2, 13, 7],
			"faces": {
				"north": {"uv": [11, 3, 10, 16], "texture": "#palm_door_top"},
				"east": {"uv": [7, 3, 5, 16], "texture": "#palm_door_top"},
				"south": {"uv": [5, 3, 6, 16], "texture": "#palm_door_top"},
				"west": {"uv": [11, 3, 9, 16], "texture": "#palm_door_top"}
			}
		},
		{
			"from": [0, 13, 3],
			"to": [3, 16, 13],
			"faces": {
				"east": {"uv": [13, 0, 3, 3], "texture": "#palm_door_top"},
				"west": {"uv": [13, 0, 3, 3], "texture": "#palm_door_top"},
				"up": {"uv": [13, 0, 3, 3], "rotation": 90, "texture": "#palm_door_top"},
				"down": {"uv": [13, 0, 3, 3], "rotation": 90, "texture": "#palm_door_top"}
			}
		},
		{
			"from": [1, 9, 3],
			"to": [2, 11, 13],
			"faces": {
				"east": {"uv": [13, 5, 3, 7], "texture": "#palm_door_top"},
				"west": {"uv": [13, 5, 3, 7], "texture": "#palm_door_top"},
				"up": {"uv": [13, 5, 3, 6], "rotation": 90, "texture": "#palm_door_top"},
				"down": {"uv": [3, 7, 13, 6], "texture": "#palm_door_top"}
			}
		},
		{
			"from": [1, 5, 3],
			"to": [2, 7, 13],
			"faces": {
				"east": {"uv": [13, 9, 3, 11], "texture": "#palm_door_top"},
				"west": {"uv": [13, 9, 3, 11], "texture": "#palm_door_top"},
				"up": {"uv": [3, 6, 13, 5], "texture": "#palm_door_top"},
				"down": {"uv": [3, 7, 13, 6], "texture": "#palm_door_top"}
			}
		},
		{
			"from": [1, 1, 3],
			"to": [2, 3, 13],
			"faces": {
				"east": {"uv": [13, 13, 3, 15], "texture": "#palm_door_top"},
				"west": {"uv": [13, 13, 3, 15], "texture": "#palm_door_top"},
				"up": {"uv": [3, 14, 13, 13], "texture": "#palm_door_top"},
				"down": {"uv": [3, 14, 13, 13], "texture": "#palm_door_top"}
			}
		}
	]
}