{
    "__comment": "Model generated using MrCrayfish's Model Creator (https://mrcrayfish.com/tools?id=mc)",
    "textures": {
        "particle": "biomesoplenty:block/palm_trapdoor",
        "0": "biomesoplenty:block/palm_trapdoor"
    },
    "display": {
        "gui": {
            "rotation": [ 30, 45, 0 ],
            "translation": [ 0, 0, 0 ],
            "scale": [ 0.625, 0.625, 0.625 ]
        },
        "ground": {
            "rotation": [ 0, 0, 0 ],
            "translation": [ 0, 3, 0 ],
            "scale": [ 0.25, 0.25, 0.25 ]
        },
        "fixed": {
            "rotation": [ 0, 180, 0 ],
            "translation": [ 0, 0, 0 ],
            "scale": [ 1, 1, 1 ]
        },
        "head": {
            "rotation": [ 0, 180, 0 ],
            "translation": [ 0, 0, 0 ],
            "scale": [ 1, 1, 1 ]
        },
        "firstperson_righthand": {
            "rotation": [ 0, 315, 0 ],
            "translation": [ 0, 2.5, 0 ],
            "scale": [ 0.4, 0.4, 0.4 ]
        },
        "thirdperson_righthand": {
            "rotation": [ 75, 315, 0 ],
            "translation": [ 0, 2.5, 0 ],
            "scale": [ 0.375, 0.375, 0.375 ]
        }
    },
    "elements": [
        {
            "from": [ 0, 0, 3 ], 
            "to": [ 3, 3, 13 ], 
            "faces": {
                "east": { "texture": "#0", "uv": [ 0, 3, 3, 13 ] },
                "west": { "texture": "#0", "uv": [ 0, 3, 3, 13 ], "rotation": 90 },
                "up": { "texture": "#0", "uv": [ 0, 3, 3, 13 ] },
                "down": { "texture": "#0", "uv": [ 0, 3, 3, 13 ] }
            }
        },
        {
            "from": [ 13, 0, 3 ], 
            "to": [ 16, 3, 13 ], 
            "faces": {
                "east": { "texture": "#0", "uv": [ 0, 3, 3, 13 ], "rotation": 90 },
                "west": { "texture": "#0", "uv": [ 0, 3, 3, 13 ], "rotation": 90 },
                "up": { "texture": "#0", "uv": [ 13, 3, 16, 13 ] },
                "down": { "texture": "#0", "uv": [ 13, 3, 16, 13 ] }
            }
        },
        {
            "from": [ 0, 0, 0 ], 
            "to": [ 16, 3, 3 ], 
            "faces": {
                "north": { "texture": "#0", "uv": [ 0, 0, 16, 3 ] },
                "east": { "texture": "#0", "uv": [ 0, 0, 3, 3 ] },
                "south": { "texture": "#0", "uv": [ 0, 0, 16, 3 ] },
                "west": { "texture": "#0", "uv": [ 0, 0, 3, 3 ] },
                "up": { "texture": "#0", "uv": [ 0, 0, 16, 3 ] },
                "down": { "texture": "#0", "uv": [ 0, 0, 16, 3 ] }
            }
        },
        {
            "from": [ 0, 0, 13 ], 
            "to": [ 16, 3, 16 ], 
            "faces": {
                "north": { "texture": "#0", "uv": [ 0, 0, 16, 3 ] },
                "east": { "texture": "#0", "uv": [ 0, 13, 3, 16 ] },
                "south": { "texture": "#0", "uv": [ 0, 0, 16, 3 ] },
                "west": { "texture": "#0", "uv": [ 0, 0, 3, 3 ] },
                "up": { "texture": "#0", "uv": [ 0, 0, 16, 3 ] },
                "down": { "texture": "#0", "uv": [ 0, 13, 16, 16 ] }
            }
        },
        {
            "from": [ 5, 1, 3 ], 
            "to": [ 7, 2, 13 ], 
            "faces": {
                "east": { "texture": "#0", "uv": [ 3, 6, 13, 7 ] },
                "west": { "texture": "#0", "uv": [ 3, 5, 13, 6 ] },
                "up": { "texture": "#0", "uv": [ 5, 3, 7, 13 ] },
                "down": { "texture": "#0", "uv": [ 5, 3, 7, 13 ] }
            }
        },
        {
            "from": [ 9, 1, 3 ], 
            "to": [ 11, 2, 13 ], 
            "faces": {
                "east": { "texture": "#0", "uv": [ 3, 5, 13, 6 ] },
                "west": { "texture": "#0", "uv": [ 3, 6, 13, 7 ] },
                "up": { "texture": "#0", "uv": [ 9, 3, 11, 13 ] },
                "down": { "texture": "#0", "uv": [ 9, 3, 11, 13 ] }
            }
        },
        {
            "from": [ 3, 1, 5 ], 
            "to": [ 13, 2, 7 ], 
            "faces": {
                "north": { "texture": "#0", "uv": [ 3, 5, 13, 6 ] },
                "south": { "texture": "#0", "uv": [ 3, 6, 13, 7 ] },
                "up": { "texture": "#0", "uv": [ 3, 5, 13, 7 ] },
                "down": { "texture": "#0", "uv": [ 3, 9, 13, 11 ] }
            }
        },
        {
            "from": [ 3, 1, 9 ], 
            "to": [ 13, 2, 11 ], 
            "faces": {
                "north": { "texture": "#0", "uv": [ 3, 9, 13, 10 ] },
                "south": { "texture": "#0", "uv": [ 3, 10, 13, 11 ] },
                "up": { "texture": "#0", "uv": [ 3, 9, 13, 11 ] },
                "down": { "texture": "#0", "uv": [ 3, 5, 13, 7 ] }
            }
        }
    ]
}