{
    "__comment": "Model generated using MrCrayfish's Model Creator (https://mrcrayfish.com/tools?id=mc)",
    "textures": {
        "particle": "biomesoplenty:block/palm_fence",
        "top": "biomesoplenty:block/palm_fence_top",
        "fence": "biomesoplenty:block/palm_fence"
    },
    "display": {
        "gui": {
            "rotation": [ 30, 45, 0 ],
            "translation": [ 0, 0, 0 ],
            "scale": [ 0.625, 0.625, 0.625 ]
        },
        "ground": {
            "rotation": [ 0, 0, 0 ],
            "translation": [ 0, 3, 0 ],
            "scale": [ 0.25, 0.25, 0.25 ]
        },
        "fixed": {
            "rotation": [ 0, 180, 0 ],
            "translation": [ 0, 0, 0 ],
            "scale": [ 1, 1, 1 ]
        },
        "head": {
            "rotation": [ 0, 180, 0 ],
            "translation": [ 0, 0, 0 ],
            "scale": [ 1, 1, 1 ]
        },
        "firstperson_righthand": {
            "rotation": [ 0, 315, 0 ],
            "translation": [ 0, 2.5, 0 ],
            "scale": [ 0.4, 0.4, 0.4 ]
        },
        "thirdperson_righthand": {
            "rotation": [ 75, 315, 0 ],
            "translation": [ 0, 2.5, 0 ],
            "scale": [ 0.375, 0.375, 0.375 ]
        }
    },
    "elements": [
        {
            "from": [ 0, 0, 7 ], 
            "to": [ 1, 16, 9 ], 
            "faces": {
                "north": { "texture": "#fence", "uv": [ 7, 0, 8, 16 ] },
                "east": { "texture": "#fence", "uv": [ 7, 0, 9, 16 ] },
                "south": { "texture": "#fence", "uv": [ 7, 0, 8, 16 ] },
                "west": { "texture": "#fence", "uv": [ 7, 0, 9, 16 ] },
                "up": { "texture": "#top", "uv": [ 7, 7, 9, 8 ], "rotation": 90, "cullface": "up" },
                "down": { "texture": "#top", "uv": [ 7, 7, 9, 8 ], "rotation": 90, "cullface": "down" }
            }
        },
        {
            "from": [ 1, 14, 7.5 ], 
            "to": [ 7, 16, 8.5 ], 
            "faces": {
                "north": { "texture": "#fence", "uv": [ 1, 1, 7, 3 ] },
                "south": { "texture": "#fence", "uv": [ 1, 1, 7, 3 ] },
                "up": { "texture": "#top", "uv": [ 1, 7, 7, 8 ] }
            }
        },
        {
            "from": [ 15, 0, 7 ], 
            "to": [ 16, 16, 9 ], 
            "faces": {
                "north": { "texture": "#fence", "uv": [ 0, 0, 1, 16 ] },
                "east": { "texture": "#fence", "uv": [ 7, 0, 9, 16 ] },
                "south": { "texture": "#fence", "uv": [ 15, 0, 16, 16 ] },
                "west": { "texture": "#fence", "uv": [ 7, 0, 9, 16 ] },
                "up": { "texture": "#top", "uv": [ 9, 7, 7, 8 ], "rotation": 90 },
                "down": { "texture": "#top", "uv": [ 7, 8, 9, 9 ], "rotation": 90 }
            }
        },
        {
            "from": [ 1, 9, 7.5 ], 
            "to": [ 7, 11, 8.5 ], 
            "faces": {
                "north": { "texture": "#fence", "uv": [ 1, 1, 7, 3 ] },
                "south": { "texture": "#fence", "uv": [ 1, 1, 7, 3 ] },
                "up": { "texture": "#top", "uv": [ 1, 7, 7, 8 ] }
            }
        },
        {
            "from": [ 7, 9, 7 ], 
            "to": [ 9, 16, 9 ], 
            "faces": {
                "north": { "texture": "#fence", "uv": [ 7, 3, 9, 10 ] },
                "east": { "texture": "#fence", "uv": [ 7, 2, 9, 9 ] },
                "south": { "texture": "#fence", "uv": [ 7, 3, 9, 10 ] },
                "west": { "texture": "#fence", "uv": [ 8, 3, 10, 10 ] },
                "up": { "texture": "#top", "uv": [ 7, 7, 9, 9 ], "rotation": 90 },
                "down": { "texture": "#top", "uv": [ 7, 7, 9, 9 ], "rotation": 90 }
            }
        },
        {
            "from": [ 9, 14, 7.5 ], 
            "to": [ 15, 16, 8.5 ], 
            "faces": {
                "north": { "texture": "#fence", "uv": [ 9, 1, 15, 3 ] },
                "south": { "texture": "#fence", "uv": [ 1, 1, 7, 3 ] },
                "up": { "texture": "#top", "uv": [ 1, 7, 7, 8 ] }
            }
        },
        {
            "from": [ 9, 9, 7.5 ], 
            "to": [ 15, 11, 8.5 ], 
            "faces": {
                "north": { "texture": "#fence", "uv": [ 9, 1, 15, 3 ] },
                "south": { "texture": "#fence", "uv": [ 1, 1, 7, 3 ] },
                "up": { "texture": "#top", "uv": [ 1, 7, 7, 8 ] }
            }
        }
    ]
}