{
	"credit": "Made with Blockbench",
	"textures": {
		"0": "biomesoplenty:block/palm_trapdoor",
		"particle": "biomesoplenty:block/palm_trapdoor"
	},
	"elements": [
		{
			"from": [0, 13, 3],
			"to": [3, 16, 13],
			"faces": {
				"east": {"uv": [0, 3, 3, 13], "texture": "#0"},
				"west": {"uv": [0, 3, 3, 13], "rotation": 90, "texture": "#0"},
				"up": {"uv": [0, 3, 3, 13], "texture": "#0"},
				"down": {"uv": [0, 3, 3, 13], "texture": "#0"}
			}
		},
		{
			"from": [13, 13, 3],
			"to": [16, 16, 13],
			"faces": {
				"east": {"uv": [0, 3, 3, 13], "rotation": 90, "texture": "#0"},
				"west": {"uv": [0, 3, 3, 13], "rotation": 90, "texture": "#0"},
				"up": {"uv": [13, 3, 16, 13], "texture": "#0"},
				"down": {"uv": [13, 3, 16, 13], "texture": "#0"}
			}
		},
		{
			"from": [0, 13, 0],
			"to": [16, 16, 3],
			"faces": {
				"north": {"uv": [0, 0, 16, 3], "texture": "#0"},
				"east": {"uv": [0, 0, 3, 3], "texture": "#0"},
				"south": {"uv": [0, 0, 16, 3], "texture": "#0"},
				"west": {"uv": [0, 0, 3, 3], "texture": "#0"},
				"up": {"uv": [0, 0, 16, 3], "texture": "#0"},
				"down": {"uv": [0, 0, 16, 3], "texture": "#0"}
			}
		},
		{
			"from": [0, 13, 13],
			"to": [16, 16, 16],
			"faces": {
				"north": {"uv": [0, 0, 16, 3], "texture": "#0"},
				"east": {"uv": [0, 13, 3, 16], "texture": "#0"},
				"south": {"uv": [0, 0, 16, 3], "texture": "#0"},
				"west": {"uv": [0, 0, 3, 3], "texture": "#0"},
				"up": {"uv": [0, 0, 16, 3], "texture": "#0"},
				"down": {"uv": [0, 13, 16, 16], "texture": "#0"}
			}
		},
		{
			"from": [5, 14, 3],
			"to": [7, 15, 13],
			"faces": {
				"east": {"uv": [3, 6, 13, 7], "texture": "#0"},
				"west": {"uv": [3, 5, 13, 6], "texture": "#0"},
				"up": {"uv": [5, 3, 7, 13], "texture": "#0"},
				"down": {"uv": [5, 3, 7, 13], "texture": "#0"}
			}
		},
		{
			"from": [9, 14, 3],
			"to": [11, 15, 13],
			"faces": {
				"east": {"uv": [3, 5, 13, 6], "texture": "#0"},
				"west": {"uv": [3, 6, 13, 7], "texture": "#0"},
				"up": {"uv": [9, 3, 11, 13], "texture": "#0"},
				"down": {"uv": [9, 3, 11, 13], "texture": "#0"}
			}
		},
		{
			"from": [3, 14, 5],
			"to": [13, 15, 7],
			"faces": {
				"north": {"uv": [3, 5, 13, 6], "texture": "#0"},
				"south": {"uv": [3, 6, 13, 7], "texture": "#0"},
				"up": {"uv": [3, 5, 13, 7], "texture": "#0"},
				"down": {"uv": [3, 9, 13, 11], "texture": "#0"}
			}
		},
		{
			"from": [3, 14, 9],
			"to": [13, 15, 11],
			"faces": {
				"north": {"uv": [3, 9, 13, 10], "texture": "#0"},
				"south": {"uv": [3, 10, 13, 11], "texture": "#0"},
				"up": {"uv": [3, 9, 13, 11], "texture": "#0"},
				"down": {"uv": [3, 5, 13, 7], "texture": "#0"}
			}
		}
	],
	"display": {
		"thirdperson_righthand": {
			"rotation": [75, 315, 0],
			"translation": [0, 2.5, 0],
			"scale": [0.375, 0.375, 0.375]
		},
		"firstperson_righthand": {
			"rotation": [0, 315, 0],
			"translation": [0, 2.5, 0],
			"scale": [0.4, 0.4, 0.4]
		},
		"ground": {
			"translation": [0, 3, 0],
			"scale": [0.25, 0.25, 0.25]
		},
		"gui": {
			"rotation": [30, 45, 0],
			"scale": [0.625, 0.625, 0.625]
		},
		"head": {
			"rotation": [0, 180, 0]
		},
		"fixed": {
			"rotation": [0, 180, 0]
		}
	}
}