{
	"credit": "Made with Blockbench",
	"textures": {
		"particle": "biomesoplenty:block/palm_fence",
		"fence": "biomesoplenty:block/palm_fence"
	},
	"elements": [
		{
			"from": [7, 0, 7],
			"to": [9, 16, 9],
			"faces": {
				"north": {"uv": [7, 0, 9, 16], "texture": "#fence"},
				"east": {"uv": [7, 0, 9, 16], "texture": "#fence"},
				"south": {"uv": [7, 0, 9, 16], "texture": "#fence"},
				"west": {"uv": [7, 0, 9, 16], "texture": "#fence"},
				"up": {"uv": [7, 0, 9, 2], "texture": "#fence", "cullface": "up"},
				"down": {"uv": [7, 0, 9, 2], "texture": "#fence", "cullface": "down"}
			}
		}
	]
}