{
"ambientocclusion": false,
    "textures": {
        "particle": "biomesoplenty:block/pink_hibiscus",
        "bush": "biomesoplenty:block/pink_hibiscus_bush",
        "flower": "biomesoplenty:block/pink_hibiscus_flower"
    },
    "display": {
        "gui": {
            "rotation": [ 30, 45, 0 ],
            "translation": [ 0, 0, 0 ],
            "scale": [ 0.625, 0.625, 0.625 ]
        },
        "ground": {
            "rotation": [ 0, 0, 0 ],
            "translation": [ 0, 3, 0 ],
            "scale": [ 0.25, 0.25, 0.25 ]
        },
        "fixed": {
            "rotation": [ 0, 180, 0 ],
            "translation": [ 0, 0, 0 ],
            "scale": [ 1, 1, 1 ]
        },
        "head": {
            "rotation": [ 0, 180, 0 ],
            "translation": [ 0, 0, 0 ],
            "scale": [ 1, 1, 1 ]
        },
        "firstperson_righthand": {
            "rotation": [ 0, 315, 0 ],
            "translation": [ 0, 2.5, 0 ],
            "scale": [ 0.4, 0.4, 0.4 ]
        },
        "thirdperson_righthand": {
            "rotation": [ 75, 315, 0 ],
            "translation": [ 0, 2.5, 0 ],
            "scale": [ 0.375, 0.375, 0.375 ]
        }
    },
    "elements": [
        {
            "from": [ 0.8, 0, 8 ], 
            "to": [ 15.2, 16, 8 ], 
            "shade": false,
            "rotation": { "origin": [ 8, 8, 8 ], "axis": "y", "angle": 45.0, "rescale": true },
            "faces": {
                "north": { "texture": "#bush", "uv": [ 0, 0, 16, 16 ] },
                "south": { "texture": "#bush", "uv": [ 0, 0, 16, 16 ] }
            }
        },
        {
            "from": [ 8, 0, 0.8 ], 
            "to": [ 8, 16, 15.2 ], 
            "shade": false,
            "rotation": { "origin": [ 8, 8, 8 ], "axis": "y", "angle": 45.0, "rescale": true },
            "faces": {
                "east": { "texture": "#bush", "uv": [ 0, 0, 16, 16 ] },
                "west": { "texture": "#bush", "uv": [ 0, 0, 16, 16 ] }
            }
        },
        {
            "from": [ 2.5, 5, 2 ], 
            "to": [ 13.5, 15, 2 ], 
            "rotation": { "origin": [ 8, 8, 8 ], "axis": "x", "angle": 22.5 },
            "faces": {
                "north": { "texture": "#flower", "uv": [ 0, 0, 13, 12 ] },
                "south": { "texture": "#flower", "uv": [ 0, 0, 13, 12 ] }
            }
        },
        {
            "from": [ 7, 10, -1 ], 
            "to": [ 9, 10, 2 ], 
            "shade": false,
            "rotation": { "origin": [ 8, 8, 8 ], "axis": "x", "angle": 22.5 },
            "faces": {
                "up": { "texture": "#flower", "uv": [ 3, 13, 10, 16 ], "rotation": 270 },
                "down": { "texture": "#flower", "uv": [ 3, 13, 10, 16 ], "rotation": 90 }
            }
        },
        {
            "from": [ 8, 9, -2 ], 
            "to": [ 8, 11, 2 ], 
            "shade": false,
            "rotation": { "origin": [ 8, 8, 8 ], "axis": "x", "angle": 22.5 },
            "faces": {
                "east": { "texture": "#flower", "uv": [ 3, 13, 10, 16 ] },
                "west": { "texture": "#flower", "uv": [ 3, 13, 10, 16 ], "rotation": 180 }
            }
        }
    ]
}