{
    "__comment": "Model generated using MrCrayfish's Model Creator (https://mrcrayfish.com/tools?id=mc)",
"ambientocclusion": false,
    "textures": {
        "flower_pot1": "minecraft:block/flower_pot1",
        "pink_daffodil_crown": "biomesoplenty:block/pink_daffodil_crown",
        "pink_daffodil_base": "biomesoplenty:block/pink_daffodil_base",
        "pink_daffodil_petal": "biomesoplenty:block/pink_daffodil_petal",
        "dirt_patch": "minecraft:block/dirt_patch"
    },
    "display": {
        "gui": {
            "rotation": [ 30, 45, 0 ],
            "translation": [ 0, 0, 0 ],
            "scale": [ 0.625, 0.625, 0.625 ]
        },
        "ground": {
            "rotation": [ 0, 0, 0 ],
            "translation": [ 0, 3, 0 ],
            "scale": [ 0.25, 0.25, 0.25 ]
        },
        "fixed": {
            "rotation": [ 0, 180, 0 ],
            "translation": [ 0, 0, 0 ],
            "scale": [ 1, 1, 1 ]
        },
        "head": {
            "rotation": [ 0, 180, 0 ],
            "translation": [ 0, 0, 0 ],
            "scale": [ 1, 1, 1 ]
        },
        "firstperson_righthand": {
            "rotation": [ 0, 315, 0 ],
            "translation": [ 0, 2.5, 0 ],
            "scale": [ 0.4, 0.4, 0.4 ]
        },
        "thirdperson_righthand": {
            "rotation": [ 75, 315, 0 ],
            "translation": [ 0, 2.5, 0 ],
            "scale": [ 0.375, 0.375, 0.375 ]
        }
    },
    "elements": [
        {
            "from": [ 5, 0, 5 ], 
            "to": [ 6, 6, 11 ], 
            "faces": {
                "north": { "texture": "#flower_pot1", "uv": [ 10, 10, 11, 16 ] },
                "east": { "texture": "#flower_pot1", "uv": [ 5, 10, 11, 16 ] },
                "south": { "texture": "#flower_pot1", "uv": [ 5, 10, 6, 16 ] },
                "west": { "texture": "#flower_pot1", "uv": [ 5, 10, 11, 16 ] },
                "up": { "texture": "#flower_pot1", "uv": [ 5, 5, 6, 11 ] },
                "down": { "texture": "#flower_pot1", "uv": [ 5, 5, 6, 11 ], "cullface": "down" }
            }
        },
        {
            "from": [ 10, 0, 5 ], 
            "to": [ 11, 6, 11 ], 
            "faces": {
                "north": { "texture": "#flower_pot1", "uv": [ 5, 10, 6, 16 ] },
                "east": { "texture": "#flower_pot1", "uv": [ 5, 10, 11, 16 ] },
                "south": { "texture": "#flower_pot1", "uv": [ 10, 10, 11, 16 ] },
                "west": { "texture": "#flower_pot1", "uv": [ 5, 10, 11, 16 ] },
                "up": { "texture": "#flower_pot1", "uv": [ 10, 5, 11, 11 ] },
                "down": { "texture": "#flower_pot1", "uv": [ 10, 5, 11, 11 ], "cullface": "down" }
            }
        },
        {
            "from": [ 6, 0, 5 ], 
            "to": [ 10, 6, 6 ], 
            "faces": {
                "north": { "texture": "#flower_pot1", "uv": [ 6, 10, 10, 16 ] },
                "south": { "texture": "#flower_pot1", "uv": [ 6, 10, 10, 16 ] },
                "up": { "texture": "#flower_pot1", "uv": [ 6, 5, 10, 6 ] },
                "down": { "texture": "#flower_pot1", "uv": [ 6, 10, 10, 11 ], "cullface": "down" }
            }
        },
        {
            "from": [ 6, 0, 10 ], 
            "to": [ 10, 6, 11 ], 
            "faces": {
                "north": { "texture": "#flower_pot1", "uv": [ 6, 10, 10, 16 ] },
                "south": { "texture": "#flower_pot1", "uv": [ 6, 10, 10, 16 ] },
                "up": { "texture": "#flower_pot1", "uv": [ 6, 10, 10, 11 ] },
                "down": { "texture": "#flower_pot1", "uv": [ 6, 5, 10, 6 ], "cullface": "down" }
            }
        },
        {
            "from": [ 6, 0, 6 ], 
            "to": [ 10, 4, 10 ], 
            "faces": {
                "up": { "texture": "#dirt_patch", "uv": [ 7, 6, 11, 10 ] },
                "down": { "texture": "#dirt_patch", "uv": [ 6, 6, 10, 10 ], "cullface": "down" }
            }
        },
        {
            "from": [ 2.6, 4, 8 ], 
            "to": [ 13.4, 9, 8 ], 
            "rotation": { "origin": [ 8, 8, 8 ], "axis": "y", "angle": 45.0, "rescale": true },
            "faces": {
                "north": { "texture": "#pink_daffodil_base", "uv": [ 0, 0, 16, 16 ], "tintindex": 0 },
                "south": { "texture": "#pink_daffodil_base", "uv": [ 0, 11, 16, 16 ] }
            }
        },
        {
            "from": [ 8, 4, 2.6 ], 
            "to": [ 8, 9, 13.4 ], 
            "rotation": { "origin": [ 8, 8, 8 ], "axis": "y", "angle": 45.0, "rescale": true },
            "faces": {
                "east": { "texture": "#pink_daffodil_base", "uv": [ 0, 6, 14, 16 ], "tintindex": 0 },
                "west": { "texture": "#pink_daffodil_base", "uv": [ 0, 11, 16, 16 ], "tintindex": 0 }
            }
        },
        {
            "from": [ 3, 9.4, 3 ], 
            "to": [ 13, 9.4, 13 ], 
            "faces": {
                "up": { "texture": "#pink_daffodil_petal", "uv": [ 2, 0, 14, 12 ] },
                "down": { "texture": "#pink_daffodil_petal", "uv": [ 2, 0, 14, 12 ] }
            }
        },
        {
            "from": [ 6.2, 9, 7.2 ], 
            "to": [ 9.7, 13.125, 7.2 ], 
            "shade": false,
            "faces": {
                "north": { "texture": "#pink_daffodil_crown", "uv": [ 2, 2, 6, 8 ] },
                "south": { "texture": "#pink_daffodil_crown", "uv": [ 2, 9, 6, 15 ] }
            }
        },
        {
            "from": [ 8.8, 9, 6.2 ], 
            "to": [ 8.8, 13.125, 9.7 ], 
            "shade": false,
            "faces": {
                "east": { "texture": "#pink_daffodil_crown", "uv": [ 2, 2, 6, 8 ] },
                "west": { "texture": "#pink_daffodil_crown", "uv": [ 2, 9, 6, 15 ], "tintindex": 0 }
            }
        },
        {
            "from": [ 6.2, 9, 8.8 ], 
            "to": [ 9.7, 13.125, 8.8 ], 
            "shade": false,
            "faces": {
                "north": { "texture": "#pink_daffodil_crown", "uv": [ 2, 9, 6, 15 ] },
                "south": { "texture": "#pink_daffodil_crown", "uv": [ 2, 2, 6, 8 ] }
            }
        },
        {
            "from": [ 7.1, 9, 6.2 ], 
            "to": [ 7.1, 13.125, 9.7 ], 
            "shade": false,
            "faces": {
                "east": { "texture": "#pink_daffodil_crown", "uv": [ 2, 9, 6, 15 ] },
                "west": { "texture": "#pink_daffodil_crown", "uv": [ 2, 2, 6, 8 ], "tintindex": 0 }
            }
        }
    ]
}