{
    "__comment": "Model generated using MrCrayfish's Model Creator (https://mrcrayfish.com/tools?id=mc)",
    "textures": {
        "particle": "biomesoplenty:block/redwood_fence",
        "redwood_fence_top": "biomesoplenty:block/redwood_fence_top",
        "redwood_fence": "biomesoplenty:block/redwood_fence"
    },
    "elements": [
        {
            "from": [ 7.5, 1, 1 ], 
            "to": [ 8.5, 15, 7 ], 
            "faces": {
                "east": { "texture": "#redwood_fence", "uv": [ 9, 1, 15, 15 ] },
                "west": { "texture": "#redwood_fence", "uv": [ 1, 1, 7, 15 ] },
                "up": { "texture": "#redwood_fence_top", "uv": [ 7, 0, 8, 6 ] },
                "down": { "texture": "#redwood_fence_top", "uv": [ 8, 5, 9, 11 ] }
            }
        },
        {
            "from": [ 7, 0, 0 ], 
            "to": [ 9, 16, 1 ], 
            "faces": {
                "north": { "texture": "#redwood_fence", "uv": [ 7, 0, 9, 16 ] },
                "east": { "texture": "#redwood_fence", "uv": [ 15, 0, 16, 16 ] },
                "south": { "texture": "#redwood_fence", "uv": [ 7, 0, 9, 16 ] },
                "west": { "texture": "#redwood_fence", "uv": [ 0, 0, 1, 16 ] },
                "up": { "texture": "#redwood_fence_top", "uv": [ 7, 7, 9, 8 ] },
                "down": { "texture": "#redwood_fence_top", "uv": [ 7, 8, 9, 9 ] }
            }
        }
    ]
}