{
"ambientocclusion": false,
    "textures": {
        "reeds": "biomesoplenty:block/reeds",
		"particle": "biomesoplenty:block/reeds"
    },
    "display": {
        "gui": {
            "rotation": [ 30, 45, 0 ],
            "translation": [ 0, 0, 0 ],
            "scale": [ 0.625, 0.625, 0.625 ]
        },
        "ground": {
            "rotation": [ 0, 0, 0 ],
            "translation": [ 0, 3, 0 ],
            "scale": [ 0.25, 0.25, 0.25 ]
        },
        "fixed": {
            "rotation": [ 0, 180, 0 ],
            "translation": [ 0, 0, 0 ],
            "scale": [ 1, 1, 1 ]
        },
        "head": {
            "rotation": [ 0, 180, 0 ],
            "translation": [ 0, 0, 0 ],
            "scale": [ 1, 1, 1 ]
        },
        "firstperson_righthand": {
            "rotation": [ 0, 315, 0 ],
            "translation": [ 0, 2.5, 0 ],
            "scale": [ 0.4, 0.4, 0.4 ]
        },
        "thirdperson_righthand": {
            "rotation": [ 75, 315, 0 ],
            "translation": [ 0, 2.5, 0 ],
            "scale": [ 0.375, 0.375, 0.375 ]
        }
    },
    "elements": [
        {
            "name": "Element",
            "from": [ 8, 0, -8 ], 
            "to": [ 8, 32, 24 ], 
            "shade": false,
            "rotation": { "origin": [ 8, 8, 8 ], "axis": "y", "angle": 45.0 },
            "faces": {
                "east": { "texture": "#reeds", "uv": [ 0, 0, 16, 16 ] },
                "west": { "texture": "#reeds", "uv": [ 0, 0, 16, 16 ] }
            }
        },
        {
            "name": "Element",
            "from": [ -8, 0, 8 ], 
            "to": [ 24, 32, 8 ], 
            "shade": false,
            "rotation": { "origin": [ 8, 8, 8 ], "axis": "y", "angle": 45.0 },
            "faces": {
                "north": { "texture": "#reeds", "uv": [ 0, 0, 16, 16 ] },
                "south": { "texture": "#reeds", "uv": [ 0, 0, 16, 16 ] }
            }
        }
    ]
}