{
    "textures": {
        "particle": "biomesoplenty:block/toadstool_base",
        "toadstool_base": "biomesoplenty:block/toadstool_base"
    },
    "display": {
        "gui": {
            "rotation": [ 30, 45, 0 ],
            "translation": [ 0, 0, 0 ],
            "scale": [ 0.625, 0.625, 0.625 ]
        },
        "ground": {
            "rotation": [ 0, 0, 0 ],
            "translation": [ 0, 3, 0 ],
            "scale": [ 0.25, 0.25, 0.25 ]
        },
        "fixed": {
            "rotation": [ 0, 180, 0 ],
            "translation": [ 0, 0, 0 ],
            "scale": [ 1, 1, 1 ]
        },
        "head": {
            "rotation": [ 0, 180, 0 ],
            "translation": [ 0, 0, 0 ],
            "scale": [ 1, 1, 1 ]
        },
        "firstperson_righthand": {
            "rotation": [ 0, 315, 0 ],
            "translation": [ 0, 2.5, 0 ],
            "scale": [ 0.4, 0.4, 0.4 ]
        },
        "thirdperson_righthand": {
            "rotation": [ 75, 315, 0 ],
            "translation": [ 0, 2.5, 0 ],
            "scale": [ 0.375, 0.375, 0.375 ]
        }
    },
    "elements": [
        {
            "name": "base",
            "from": [ 8, 0, 7 ], 
            "to": [ 10, 4, 9 ], 
            "faces": {
                "north": { "texture": "#toadstool_base", "uv": [ 2, 12, 4, 16 ] },
                "east": { "texture": "#toadstool_base", "uv": [ 3, 12, 5, 16 ] },
                "south": { "texture": "#toadstool_base", "uv": [ 3, 12, 5, 16 ] },
                "west": { "texture": "#toadstool_base", "uv": [ 3, 12, 5, 16 ] },
                "down": { "texture": "#toadstool_base", "uv": [ 4, 12, 6, 14 ], "cullface": "down" }
            }
        },
        {
            "name": "head",
            "from": [ 7, 4, 6 ], 
            "to": [ 11, 7, 10 ], 
            "faces": {
                "north": { "texture": "#toadstool_base", "uv": [ 2, 9, 6, 12 ] },
                "east": { "texture": "#toadstool_base", "uv": [ 2, 9, 6, 12 ] },
                "south": { "texture": "#toadstool_base", "uv": [ 2, 9, 6, 12 ] },
                "west": { "texture": "#toadstool_base", "uv": [ 2, 9, 6, 12 ] },
                "up": { "texture": "#toadstool_base", "uv": [ 10, 2, 14, 6 ] },
                "down": { "texture": "#toadstool_base", "uv": [ 2, 0, 6, 4 ], "cullface": "down" }
            }
        },
        {
            "name": "tip",
            "from": [ 8, 7, 7 ], 
            "to": [ 10, 8, 9 ], 
            "faces": {
                "north": { "texture": "#toadstool_base", "uv": [ 11, 8, 13, 9 ] },
                "east": { "texture": "#toadstool_base", "uv": [ 2, 6, 4, 7 ] },
                "south": { "texture": "#toadstool_base", "uv": [ 3, 5, 5, 6 ] },
                "west": { "texture": "#toadstool_base", "uv": [ 11, 4, 13, 5 ] },
                "up": { "texture": "#toadstool_base", "uv": [ 11, 3, 13, 5 ] }
            }
        },
        {
            "name": "smol",
            "from": [ 11, 0, 6 ], 
            "to": [ 12, 3, 7 ], 
            "faces": {
                "north": { "texture": "#toadstool_base", "uv": [ 4, 11, 5, 14 ] },
                "east": { "texture": "#toadstool_base", "uv": [ 3, 11, 4, 14 ] },
                "south": { "texture": "#toadstool_base", "uv": [ 4, 11, 5, 14 ] },
                "west": { "texture": "#toadstool_base", "uv": [ 11, 10, 12, 13 ] },
                "up": { "texture": "#toadstool_base", "uv": [ 10, 4, 11, 5 ] },
                "down": { "texture": "#toadstool_base", "uv": [ 2, 13, 3, 14 ], "cullface": "down" }
            }
        },
        {
            "name": "smol2",
            "from": [ 9, 0, 11 ], 
            "to": [ 10, 2, 12 ], 
            "faces": {
                "north": { "texture": "#toadstool_base", "uv": [ 11, 10, 12, 12 ] },
                "east": { "texture": "#toadstool_base", "uv": [ 10, 10, 11, 12 ] },
                "south": { "texture": "#toadstool_base", "uv": [ 11, 10, 12, 12 ] },
                "west": { "texture": "#toadstool_base", "uv": [ 11, 10, 12, 12 ] },
                "up": { "texture": "#toadstool_base", "uv": [ 11, 9, 12, 10 ] },
                "down": { "texture": "#toadstool_base", "uv": [ 9, 11, 10, 12 ], "cullface": "down" }
            }
        }
    ]
}