{
    "__comment": "Model generated using MrCrayfish's Model Creator (https://mrcrayfish.com/tools?id=mc)",
    "textures": {
        "leaves_willow_bl": "biomesoplenty:block/leaves_willow_bl",
        "willow_leaves": "biomesoplenty:block/willow_leaves",
		"particle": "biomesoplenty:block/willow_leaves"
    },
    "display": {
        "gui": {
            "rotation": [ 30, 45, 0 ],
            "translation": [ 0, 0, 0 ],
            "scale": [ 0.625, 0.625, 0.625 ]
        },
        "ground": {
            "rotation": [ 0, 0, 0 ],
            "translation": [ 0, 3, 0 ],
            "scale": [ 0.25, 0.25, 0.25 ]
        },
        "fixed": {
            "rotation": [ 0, 180, 0 ],
            "translation": [ 0, 0, 0 ],
            "scale": [ 1, 1, 1 ]
        },
        "head": {
            "rotation": [ 0, 180, 0 ],
            "translation": [ 0, 0, 0 ],
            "scale": [ 1, 1, 1 ]
        },
        "firstperson_righthand": {
            "rotation": [ 0, 315, 0 ],
            "translation": [ 0, 2.5, 0 ],
            "scale": [ 0.4, 0.4, 0.4 ]
        },
        "thirdperson_righthand": {
            "rotation": [ 75, 315, 0 ],
            "translation": [ 0, 2.5, 0 ],
            "scale": [ 0.375, 0.375, 0.375 ]
        }
    },
    "elements": [
        {
            "name": "leaves",
            "from": [ 0, 0, 0 ], 
            "to": [ 16, 16, 16 ], 
            "faces": {
                "north": { "texture": "#willow_leaves", "uv": [ 0, 0, 16, 16 ], "tintindex": 0 },
                "east": { "texture": "#willow_leaves", "uv": [ 0, 0, 16, 16 ], "tintindex": 0 },
                "south": { "texture": "#willow_leaves", "uv": [ 0, 0, 16, 16 ], "tintindex": 0 },
                "west": { "texture": "#willow_leaves", "uv": [ 0, 0, 16, 16 ], "tintindex": 0 },
                "up": { "texture": "#willow_leaves", "uv": [ 0, 0, 16, 16 ], "tintindex": 0 },
                "down": { "texture": "#willow_leaves", "uv": [ 0, 0, 16, 16 ], "tintindex": 0 }
            }
        },
        {
            "name": "leavesNS",
            "from": [ 0, -16, 0.5 ], 
            "to": [ 16, 0, 15.5 ], 
            "faces": {
                "north": { "texture": "#leaves_willow_bl", "uv": [ 0, 0, 16, 16 ], "tintindex": 0 },
                "south": { "texture": "#leaves_willow_bl", "uv": [ 0, 0, 16, 16 ], "tintindex": 0 }
            }
        },
        {
            "name": "leavesEW",
            "from": [ 0.5, -16, 0 ], 
            "to": [ 15.5, 0, 16 ], 
            "faces": {
                "east": { "texture": "#leaves_willow_bl", "uv": [ 0, 0, 16, 16 ], "tintindex": 0 },
                "west": { "texture": "#leaves_willow_bl", "uv": [ 0, 0, 16, 16 ], "tintindex": 0 }
            }
        }
    ]
}